prefcode,prefname,municode,muniname,en,cat
00,全国,00000,全国,Japan,a
01,北海道,01000,北海道,Hokkaido,a
01,北海道,01100,札幌市,Sapporo-shi,1
01,北海道,01101,札幌市中央区,Sapporo-shi Chuo-ku,0
01,北海道,01102,札幌市北区,Sapporo-shi Kita-ku,0
01,北海道,01103,札幌市東区,Sapporo-shi Higashi-ku,0
01,北海道,01104,札幌市白石区,Sapporo-shi Shiroishi-ku,0
01,北海道,01105,札幌市豊平区,Sapporo-shi Toyohira-ku,0
01,北海道,01106,札幌市南区,Sapporo-shi Minami-ku,0
01,北海道,01107,札幌市西区,Sapporo-shi Nishi-ku,0
01,北海道,01108,札幌市厚別区,Sapporo-shi Atsubetsu-ku,0
01,北海道,01109,札幌市手稲区,Sapporo-shi Teine-ku,0
01,北海道,01110,札幌市清田区,Sapporo-shi Kiyota-ku,0
01,北海道,01202,函館市,Hakodate-shi,2
01,北海道,01203,小樽市,Otaru-shi,2
01,北海道,01204,旭川市,Asahikawa-shi,2
01,北海道,01205,室蘭市,Muroran-shi,2
01,北海道,01206,釧路市,Kushiro-shi,2
01,北海道,01207,帯広市,Obihiro-shi,2
01,北海道,01208,北見市,Kitami-shi,2
01,北海道,01209,夕張市,Yubari-shi,2
01,北海道,01210,岩見沢市,Iwamizawa-shi,2
01,北海道,01211,網走市,Abashiri-shi,2
01,北海道,01212,留萌市,Rumoi-shi,2
01,北海道,01213,苫小牧市,Tomakomai-shi,2
01,北海道,01214,稚内市,Wakkanai-shi,2
01,北海道,01215,美唄市,Bibai-shi,2
01,北海道,01216,芦別市,Ashibetsu-shi,2
01,北海道,01217,江別市,Ebetsu-shi,2
01,北海道,01218,赤平市,Akabira-shi,2
01,北海道,01219,紋別市,Mombetsu-shi,2
01,北海道,01220,士別市,Shibetsu-shi,2
01,北海道,01221,名寄市,Nayoro-shi,2
01,北海道,01222,三笠市,Mikasa-shi,2
01,北海道,01223,根室市,Nemuro-shi,2
01,北海道,01224,千歳市,Chitose-shi,2
01,北海道,01225,滝川市,Takikawa-shi,2
01,北海道,01226,砂川市,Sunagawa-shi,2
01,北海道,01227,歌志内市,Utashinai-shi,2
01,北海道,01228,深川市,Fukagawa-shi,2
01,北海道,01229,富良野市,Furano-shi,2
01,北海道,01230,登別市,Noboribetsu-shi,2
01,北海道,01231,恵庭市,Eniwa-shi,2
01,北海道,01233,伊達市,Date-shi,2
01,北海道,01234,北広島市,Kitahiroshima-shi,2
01,北海道,01235,石狩市,Ishikari-shi,2
01,北海道,01236,北斗市,Hokuto-shi,2
01,北海道,01303,当別町,Tobetsu-cho,3
01,北海道,01304,新篠津村,Shinshinotsu-mura,3
01,北海道,01331,松前町,Matsumae-cho,3
01,北海道,01332,福島町,Fukushima-cho,3
01,北海道,01333,知内町,Shiriuchi-cho,3
01,北海道,01334,木古内町,Kikonai-cho,3
01,北海道,01337,七飯町,Nanae-cho,3
01,北海道,01343,鹿部町,Shikabe-cho,3
01,北海道,01345,森町,Mori-machi,3
01,北海道,01346,八雲町,Yakumo-cho,3
01,北海道,01347,長万部町,Oshamambe-cho,3
01,北海道,01361,江差町,Esashi-cho,3
01,北海道,01362,上ノ国町,Kaminokuni-cho,3
01,北海道,01363,厚沢部町,Assabu-cho,3
01,北海道,01364,乙部町,Otobe-cho,3
01,北海道,01367,奥尻町,Okushiri-cho,3
01,北海道,01370,今金町,Imakane-cho,3
01,北海道,01371,せたな町,Setana-cho,3
01,北海道,01391,島牧村,Shimamaki-mura,3
01,北海道,01392,寿都町,Suttsu-cho,3
01,北海道,01393,黒松内町,Kuromatsunai-cho,3
01,北海道,01394,蘭越町,Rankoshi-cho,3
01,北海道,01395,ニセコ町,Niseko-cho,3
01,北海道,01396,真狩村,Makkari-mura,3
01,北海道,01397,留寿都村,Rusutsu-mura,3
01,北海道,01398,喜茂別町,Kimobetsu-cho,3
01,北海道,01399,京極町,Kyogoku-cho,3
01,北海道,01400,倶知安町,Kutchan-cho,3
01,北海道,01401,共和町,Kyowa-cho,3
01,北海道,01402,岩内町,Iwanai-cho,3
01,北海道,01403,泊村,Tomari-mura,3
01,北海道,01404,神恵内村,Kamoenai-mura,3
01,北海道,01405,積丹町,Shakotan-cho,3
01,北海道,01406,古平町,Furubira-cho,3
01,北海道,01407,仁木町,Niki-cho,3
01,北海道,01408,余市町,Yoichi-cho,3
01,北海道,01409,赤井川村,Akaigawa-mura,3
01,北海道,01423,南幌町,Nanporo-cho,3
01,北海道,01424,奈井江町,Naie-cho,3
01,北海道,01425,上砂川町,Kamisunagawa-cho,3
01,北海道,01427,由仁町,Yuni-cho,3
01,北海道,01428,長沼町,Naganuma-cho,3
01,北海道,01429,栗山町,Kuriyama-cho,3
01,北海道,01430,月形町,Tsukigata-cho,3
01,北海道,01431,浦臼町,Urausu-cho,3
01,北海道,01432,新十津川町,Shintotsukawa-cho,3
01,北海道,01433,妹背牛町,Moseushi-cho,3
01,北海道,01434,秩父別町,Chippubetsu-cho,3
01,北海道,01436,雨竜町,Uryu-cho,3
01,北海道,01437,北竜町,Hokuryu-cho,3
01,北海道,01438,沼田町,Numata-cho,3
01,北海道,01452,鷹栖町,Takasu-cho,3
01,北海道,01453,東神楽町,Higashikagura-cho,3
01,北海道,01454,当麻町,Tohma-cho,3
01,北海道,01455,比布町,Pippu-cho,3
01,北海道,01456,愛別町,Aibetsu-cho,3
01,北海道,01457,上川町,Kamikawa-cho,3
01,北海道,01458,東川町,Higashikawa-cho,3
01,北海道,01459,美瑛町,Biei-cho,3
01,北海道,01460,上富良野町,Kamifurano-cho,3
01,北海道,01461,中富良野町,Nakafurano-cho,3
01,北海道,01462,南富良野町,Minamifurano-cho,3
01,北海道,01463,占冠村,Shimukappu-mura,3
01,北海道,01464,和寒町,Wassamu-cho,3
01,北海道,01465,剣淵町,Kembuchi-cho,3
01,北海道,01468,下川町,Shimokawa-cho,3
01,北海道,01469,美深町,Bifuka-cho,3
01,北海道,01470,音威子府村,Otoineppu-mura,3
01,北海道,01471,中川町,Nakagawa-cho,3
01,北海道,01472,幌加内町,Horokanai-cho,3
01,北海道,01481,増毛町,Mashike-cho,3
01,北海道,01482,小平町,Obira-cho,3
01,北海道,01483,苫前町,Tomamae-cho,3
01,北海道,01484,羽幌町,Haboro-cho,3
01,北海道,01485,初山別村,Shosambetsu-mura,3
01,北海道,01486,遠別町,Embetsu-cho,3
01,北海道,01487,天塩町,Teshio-cho,3
01,北海道,01511,猿払村,Sarufutsu-mura,3
01,北海道,01512,浜頓別町,Hamatonbetsu-cho,3
01,北海道,01513,中頓別町,Nakatombetsu-cho,3
01,北海道,01514,枝幸町,Esashi-cho,3
01,北海道,01516,豊富町,Toyotomi-cho,3
01,北海道,01517,礼文町,Rebun-cho,3
01,北海道,01518,利尻町,Rishiri-cho,3
01,北海道,01519,利尻富士町,Rishirifuji-cho,3
01,北海道,01520,幌延町,Horonobe-cho,3
01,北海道,01543,美幌町,Bihoro-cho,3
01,北海道,01544,津別町,Tsubetsu-cho,3
01,北海道,01545,斜里町,Shari-cho,3
01,北海道,01546,清里町,Kiyosato-cho,3
01,北海道,01547,小清水町,Koshimizu-cho,3
01,北海道,01549,訓子府町,Kunneppu-cho,3
01,北海道,01550,置戸町,Oketo-cho,3
01,北海道,01552,佐呂間町,Saroma-cho,3
01,北海道,01555,遠軽町,Engaru-cho,3
01,北海道,01559,湧別町,Yubetsu-cho,3
01,北海道,01560,滝上町,Takinoue-cho,3
01,北海道,01561,興部町,Okoppe-cho,3
01,北海道,01562,西興部村,Nishiokoppe-mura,3
01,北海道,01563,雄武町,Oumu-cho,3
01,北海道,01564,大空町,Ozora-cho,3
01,北海道,01571,豊浦町,Toyoura-cho,3
01,北海道,01575,壮瞥町,Sobetsu-cho,3
01,北海道,01578,白老町,Shiraoi-cho,3
01,北海道,01581,厚真町,Atsuma-cho,3
01,北海道,01584,洞爺湖町,Toyako-cho,3
01,北海道,01585,安平町,Abira-cho,3
01,北海道,01586,むかわ町,Mukawa-cho,3
01,北海道,01601,日高町,Hidaka-cho,3
01,北海道,01602,平取町,Biratori-cho,3
01,北海道,01604,新冠町,Niikappu-cho,3
01,北海道,01607,浦河町,Urakawa-cho,3
01,北海道,01608,様似町,Samani-cho,3
01,北海道,01609,えりも町,Erimo-cho,3
01,北海道,01610,新ひだか町,Shinhidaka-cho,3
01,北海道,01631,音更町,Otofuke-cho,3
01,北海道,01632,士幌町,Shihoro-cho,3
01,北海道,01633,上士幌町,Kamishihoro-cho,3
01,北海道,01634,鹿追町,Shikaoi-cho,3
01,北海道,01635,新得町,Shintoku-cho,3
01,北海道,01636,清水町,Shimizu-cho,3
01,北海道,01637,芽室町,Memuro-cho,3
01,北海道,01638,中札内村,Nakasatsunai-mura,3
01,北海道,01639,更別村,Sarabetsu-mura,3
01,北海道,01641,大樹町,Taiki-cho,3
01,北海道,01642,広尾町,Hiroo-cho,3
01,北海道,01643,幕別町,Makubetsu-cho,3
01,北海道,01644,池田町,Ikeda-cho,3
01,北海道,01645,豊頃町,Toyokoro-cho,3
01,北海道,01646,本別町,Hombetsu-cho,3
01,北海道,01647,足寄町,Ashoro-cho,3
01,北海道,01648,陸別町,Rikubetsu-cho,3
01,北海道,01649,浦幌町,Urahoro-cho,3
01,北海道,01661,釧路町,Kushiro-cho,3
01,北海道,01662,厚岸町,Akkeshi-cho,3
01,北海道,01663,浜中町,Hamanaka-cho,3
01,北海道,01664,標茶町,Shibecha-cho,3
01,北海道,01665,弟子屈町,Teshikaga-cho,3
01,北海道,01667,鶴居村,Tsurui-mura,3
01,北海道,01668,白糠町,Shiranuka-cho,3
01,北海道,01691,別海町,Betsukai-cho,3
01,北海道,01692,中標津町,Nakashibetsu-cho,3
01,北海道,01693,標津町,Shibetsu-cho,3
01,北海道,01694,羅臼町,Rausu-cho,3
02,青森県,02000,青森県,Aomori-ken,a
02,青森県,02201,青森市,Aomori-shi,2
02,青森県,02202,弘前市,Hirosaki-shi,2
02,青森県,02203,八戸市,Hachinohe-shi,2
02,青森県,02204,黒石市,Kuroishi-shi,2
02,青森県,02205,五所川原市,Goshogawara-shi,2
02,青森県,02206,十和田市,Towada-shi,2
02,青森県,02207,三沢市,Misawa-shi,2
02,青森県,02208,むつ市,Mutsu-shi,2
02,青森県,02209,つがる市,Tsugaru-shi,2
02,青森県,02210,平川市,Hirakawa-shi,2
02,青森県,02301,平内町,Hiranai-machi,3
02,青森県,02303,今別町,Imabetsu-machi,3
02,青森県,02304,蓬田村,Yomogita-mura,3
02,青森県,02307,外ヶ浜町,Sotogahama-machi,3
02,青森県,02321,鰺ヶ沢町,Ajigasawa-machi,3
02,青森県,02323,深浦町,Fukaura-machi,3
02,青森県,02343,西目屋村,Nishimeya-mura,3
02,青森県,02361,藤崎町,Fujisaki-machi,3
02,青森県,02362,大鰐町,Owani-machi,3
02,青森県,02367,田舎館村,Inakadate-mura,3
02,青森県,02381,板柳町,Itayanagi-machi,3
02,青森県,02384,鶴田町,Tsuruta-machi,3
02,青森県,02387,中泊町,Nakadomari-machi,3
02,青森県,02401,野辺地町,Noheji-machi,3
02,青森県,02402,七戸町,Shichinohe-machi,3
02,青森県,02405,六戸町,Rokunohe-machi,3
02,青森県,02406,横浜町,Yokohama-machi,3
02,青森県,02408,東北町,Tohoku-machi,3
02,青森県,02411,六ヶ所村,Rokkasho-mura,3
02,青森県,02412,おいらせ町,Oirase-cho,3
02,青森県,02423,大間町,Oma-machi,3
02,青森県,02424,東通村,Higashidoori-mura,3
02,青森県,02425,風間浦村,Kazamaura-mura,3
02,青森県,02426,佐井村,Sai-mura,3
02,青森県,02441,三戸町,Sannohe-machi,3
02,青森県,02442,五戸町,Gonohe-machi,3
02,青森県,02443,田子町,Takko-machi,3
02,青森県,02445,南部町,Nambu-cho,3
02,青森県,02446,階上町,Hashikami-cho,3
02,青森県,02450,新郷村,Shingo-mura,3
03,岩手県,03000,岩手県,Iwate-ken,a
03,岩手県,03201,盛岡市,Morioka-shi,2
03,岩手県,03202,宮古市,Miyako-shi,2
03,岩手県,03203,大船渡市,Ofunato-shi,2
03,岩手県,03205,花巻市,Hanamaki-shi,2
03,岩手県,03206,北上市,Kitakami-shi,2
03,岩手県,03207,久慈市,Kuji-shi,2
03,岩手県,03208,遠野市,Tono-shi,2
03,岩手県,03209,一関市,Ichinoseki-shi,2
03,岩手県,03210,陸前高田市,Rikuzentakata-shi,2
03,岩手県,03211,釜石市,Kamaishi-shi,2
03,岩手県,03213,二戸市,Ninohe-shi,2
03,岩手県,03214,八幡平市,Hachimantai-shi,2
03,岩手県,03215,奥州市,Oshu-shi,2
03,岩手県,03216,滝沢市,Takizawa-shi,2
03,岩手県,03301,雫石町,Shizukuishi-cho,3
03,岩手県,03302,葛巻町,Kuzumaki-machi,3
03,岩手県,03303,岩手町,Iwate-machi,3
03,岩手県,03321,紫波町,Shiwa-cho,3
03,岩手県,03322,矢巾町,Yahaba-cho,3
03,岩手県,03366,西和賀町,Nishiwaga-machi,3
03,岩手県,03381,金ケ崎町,Kanegasaki-cho,3
03,岩手県,03402,平泉町,Hiraizumi-cho,3
03,岩手県,03441,住田町,Sumita-cho,3
03,岩手県,03461,大槌町,Otsuchi-cho,3
03,岩手県,03482,山田町,Yamada-machi,3
03,岩手県,03483,岩泉町,Iwaizumi-cho,3
03,岩手県,03484,田野畑村,Tanohata-mura,3
03,岩手県,03485,普代村,Fudai-mura,3
03,岩手県,03501,軽米町,Karumai-machi,3
03,岩手県,03503,野田村,Noda-mura,3
03,岩手県,03506,九戸村,Kunohe-mura,3
03,岩手県,03507,洋野町,Hirono-cho,3
03,岩手県,03524,一戸町,Ichinohe-machi,3
04,宮城県,04000,宮城県,Miyagi-ken,a
04,宮城県,04100,仙台市,Sendai-shi,1
04,宮城県,04101,仙台市青葉区,Sendai-shi Aoba-ku,0
04,宮城県,04102,仙台市宮城野区,Sendai-shi Miyagino-ku,0
04,宮城県,04103,仙台市若林区,Sendai-shi Wakabayashi-ku,0
04,宮城県,04104,仙台市太白区,Sendai-shi Taihaku-ku,0
04,宮城県,04105,仙台市泉区,Sendai-shi Izumi-ku,0
04,宮城県,04202,石巻市,Ishinomaki-shi,2
04,宮城県,04203,塩竈市,Shiogama-shi,2
04,宮城県,04205,気仙沼市,Kesennuma-shi,2
04,宮城県,04206,白石市,Shiroishi-shi,2
04,宮城県,04207,名取市,Natori-shi,2
04,宮城県,04208,角田市,Kakuda-shi,2
04,宮城県,04209,多賀城市,Tagajo-shi,2
04,宮城県,04211,岩沼市,Iwanuma-shi,2
04,宮城県,04212,登米市,Tome-shi,2
04,宮城県,04213,栗原市,Kurihara-shi,2
04,宮城県,04214,東松島市,Higashimatsushima-shi,2
04,宮城県,04215,大崎市,Osaki-shi,2
04,宮城県,04216,富谷市,Tomiya-shi,2
04,宮城県,04301,蔵王町,Zao-machi,3
04,宮城県,04302,七ヶ宿町,Shichikashuku-machi,3
04,宮城県,04321,大河原町,Ogawara-machi,3
04,宮城県,04322,村田町,Murata-machi,3
04,宮城県,04323,柴田町,Shibata-machi,3
04,宮城県,04324,川崎町,Kawasaki-machi,3
04,宮城県,04341,丸森町,Marumori-machi,3
04,宮城県,04361,亘理町,Watari-cho,3
04,宮城県,04362,山元町,Yamamoto-cho,3
04,宮城県,04401,松島町,Matsushima-machi,3
04,宮城県,04404,七ヶ浜町,Shichigahama-machi,3
04,宮城県,04406,利府町,Rifu-cho,3
04,宮城県,04421,大和町,Taiwa-cho,3
04,宮城県,04422,大郷町,Osato-cho,3
04,宮城県,04424,大衡村,Ohira-mura,3
04,宮城県,04444,色麻町,Shikama-cho,3
04,宮城県,04445,加美町,Kami-machi,3
04,宮城県,04501,涌谷町,Wakuya-cho,3
04,宮城県,04505,美里町,Misato-machi,3
04,宮城県,04581,女川町,Onagawa-cho,3
04,宮城県,04606,南三陸町,Minamisanriku-cho,3
05,秋田県,05000,秋田県,Akita-ken,a
05,秋田県,05201,秋田市,Akita-shi,2
05,秋田県,05202,能代市,Noshiro-shi,2
05,秋田県,05203,横手市,Yokote-shi,2
05,秋田県,05204,大館市,Odate-shi,2
05,秋田県,05206,男鹿市,Oga-shi,2
05,秋田県,05207,湯沢市,Yuzawa-shi,2
05,秋田県,05209,鹿角市,Kazuno-shi,2
05,秋田県,05210,由利本荘市,Yurihonjo-shi,2
05,秋田県,05211,潟上市,Katagami-shi,2
05,秋田県,05212,大仙市,Daisen-shi,2
05,秋田県,05213,北秋田市,Kitaakita-shi,2
05,秋田県,05214,にかほ市,Nikaho-shi,2
05,秋田県,05215,仙北市,Semboku-shi,2
05,秋田県,05303,小坂町,Kosaka-machi,3
05,秋田県,05327,上小阿仁村,Kamikoani-mura,3
05,秋田県,05346,藤里町,Fujisato-machi,3
05,秋田県,05348,三種町,Mitane-cho,3
05,秋田県,05349,八峰町,Happou-cho,3
05,秋田県,05361,五城目町,Gojome-machi,3
05,秋田県,05363,八郎潟町,Hachirogata-machi,3
05,秋田県,05366,井川町,Ikawa-machi,3
05,秋田県,05368,大潟村,Ogata-mura,3
05,秋田県,05434,美郷町,Misato-cho,3
05,秋田県,05463,羽後町,Ugo-machi,3
05,秋田県,05464,東成瀬村,Higashinaruse-mura,3
06,山形県,06000,山形県,Yamagata-ken,a
06,山形県,06201,山形市,Yamagata-shi,2
06,山形県,06202,米沢市,Yonezawa-shi,2
06,山形県,06203,鶴岡市,Tsuruoka-shi,2
06,山形県,06204,酒田市,Sakata-shi,2
06,山形県,06205,新庄市,Shinjo-shi,2
06,山形県,06206,寒河江市,Sagae-shi,2
06,山形県,06207,上山市,Kaminoyama-shi,2
06,山形県,06208,村山市,Murayama-shi,2
06,山形県,06209,長井市,Nagai-shi,2
06,山形県,06210,天童市,Tendo-shi,2
06,山形県,06211,東根市,Higashine-shi,2
06,山形県,06212,尾花沢市,Obanazawa-shi,2
06,山形県,06213,南陽市,Nanyo-shi,2
06,山形県,06301,山辺町,Yamanobe-machi,3
06,山形県,06302,中山町,Nakayama-machi,3
06,山形県,06321,河北町,Kahoku-cho,3
06,山形県,06322,西川町,Nishikawa-machi,3
06,山形県,06323,朝日町,Asahi-machi,3
06,山形県,06324,大江町,Oe-machi,3
06,山形県,06341,大石田町,Oishida-machi,3
06,山形県,06361,金山町,Kaneyama-machi,3
06,山形県,06362,最上町,Mogami-machi,3
06,山形県,06363,舟形町,Funagata-machi,3
06,山形県,06364,真室川町,Mamurogawa-machi,3
06,山形県,06365,大蔵村,Okura-mura,3
06,山形県,06366,鮭川村,Sakegawa-mura,3
06,山形県,06367,戸沢村,Tozawa-mura,3
06,山形県,06381,高畠町,Takahata-machi,3
06,山形県,06382,川西町,Kawanishi-machi,3
06,山形県,06401,小国町,Oguni-machi,3
06,山形県,06402,白鷹町,Shirataka-machi,3
06,山形県,06403,飯豊町,Iide-machi,3
06,山形県,06426,三川町,Mikawa-machi,3
06,山形県,06428,庄内町,Shonai-machi,3
06,山形県,06461,遊佐町,Yuza-machi,3
07,福島県,07000,福島県,Fukushima-ken,a
07,福島県,07201,福島市,Fukushima-shi,2
07,福島県,07202,会津若松市,Aizuwakamatsu-shi,2
07,福島県,07203,郡山市,Koriyama-shi,2
07,福島県,07204,いわき市,Iwaki-shi,2
07,福島県,07205,白河市,Shirakawa-shi,2
07,福島県,07207,須賀川市,Sukagawa-shi,2
07,福島県,07208,喜多方市,Kitakata-shi,2
07,福島県,07209,相馬市,Soma-shi,2
07,福島県,07210,二本松市,Nihonmatsu-shi,2
07,福島県,07211,田村市,Tamura-shi,2
07,福島県,07212,南相馬市,Minamisoma-shi,2
07,福島県,07213,伊達市,Date-shi,2
07,福島県,07214,本宮市,Motomiya-shi,2
07,福島県,07301,桑折町,Koori-machi,3
07,福島県,07303,国見町,Kunimi-machi,3
07,福島県,07308,川俣町,Kawamata-machi,3
07,福島県,07322,大玉村,Otama-mura,3
07,福島県,07342,鏡石町,Kagamiishi-machi,3
07,福島県,07344,天栄村,Tenei-mura,3
07,福島県,07362,下郷町,Shimogo-machi,3
07,福島県,07364,檜枝岐村,Hinoemata-mura,3
07,福島県,07367,只見町,Tadami-machi,3
07,福島県,07368,南会津町,Minamiaizu-machi,3
07,福島県,07402,北塩原村,Kitashiobara-mura,3
07,福島県,07405,西会津町,Nishiaizu-machi,3
07,福島県,07407,磐梯町,Bandai-machi,3
07,福島県,07408,猪苗代町,Inawashiro-machi,3
07,福島県,07421,会津坂下町,Aizubange-machi,3
07,福島県,07422,湯川村,Yugawa-mura,3
07,福島県,07423,柳津町,Yanaizu-machi,3
07,福島県,07444,三島町,Mishima-machi,3
07,福島県,07445,金山町,Kaneyama-machi,3
07,福島県,07446,昭和村,Showa-mura,3
07,福島県,07447,会津美里町,Aizumisato-machi,3
07,福島県,07461,西郷村,Nishigo-mura,3
07,福島県,07464,泉崎村,Izumizaki-mura,3
07,福島県,07465,中島村,Nakajima-mura,3
07,福島県,07466,矢吹町,Yabuki-machi,3
07,福島県,07481,棚倉町,Tanagura-machi,3
07,福島県,07482,矢祭町,Yamatsuri-machi,3
07,福島県,07483,塙町,Hanawa-machi,3
07,福島県,07484,鮫川村,Samegawa-mura,3
07,福島県,07501,石川町,Ishikawa-machi,3
07,福島県,07502,玉川村,Tamakawa-mura,3
07,福島県,07503,平田村,Hirata-mura,3
07,福島県,07504,浅川町,Asakawa-machi,3
07,福島県,07505,古殿町,Furudono-machi,3
07,福島県,07521,三春町,Miharu-machi,3
07,福島県,07522,小野町,Ono-machi,3
07,福島県,07541,広野町,Hirono-machi,3
07,福島県,07542,楢葉町,Naraha-machi,3
07,福島県,07543,富岡町,Tomioka-machi,3
07,福島県,07544,川内村,Kawauchi-mura,3
07,福島県,07545,大熊町,Okuma-machi,3
07,福島県,07546,双葉町,Futaba-machi,3
07,福島県,07547,浪江町,Namie-machi,3
07,福島県,07548,葛尾村,Katsurao-mura,3
07,福島県,07561,新地町,Shinchi-machi,3
07,福島県,07564,飯舘村,Iitate-mura,3
08,茨城県,08000,茨城県,Ibaraki-ken,a
08,茨城県,08201,水戸市,Mito-shi,2
08,茨城県,08202,日立市,Hitachi-shi,2
08,茨城県,08203,土浦市,Tsuchiura-shi,2
08,茨城県,08204,古河市,Koga-shi,2
08,茨城県,08205,石岡市,Ishioka-shi,2
08,茨城県,08207,結城市,Yuki-shi,2
08,茨城県,08208,龍ケ崎市,Ryugasaki-shi,2
08,茨城県,08210,下妻市,Shimotsuma-shi,2
08,茨城県,08211,常総市,Joso-shi,2
08,茨城県,08212,常陸太田市,Hitachiota-shi,2
08,茨城県,08214,高萩市,Takahagi-shi,2
08,茨城県,08215,北茨城市,Kitaibaraki-shi,2
08,茨城県,08216,笠間市,Kasama-shi,2
08,茨城県,08217,取手市,Toride-shi,2
08,茨城県,08219,牛久市,Ushiku-shi,2
08,茨城県,08220,つくば市,Tsukuba-shi,2
08,茨城県,08221,ひたちなか市,Hitachinaka-shi,2
08,茨城県,08222,鹿嶋市,Kashima-shi,2
08,茨城県,08223,潮来市,Itako-shi,2
08,茨城県,08224,守谷市,Moriya-shi,2
08,茨城県,08225,常陸大宮市,Hitachiomiya-shi,2
08,茨城県,08226,那珂市,Naka-shi,2
08,茨城県,08227,筑西市,Chikusei-shi,2
08,茨城県,08228,坂東市,Bando-shi,2
08,茨城県,08229,稲敷市,Inashiki-shi,2
08,茨城県,08230,かすみがうら市,Kasumigaura-shi,2
08,茨城県,08231,桜川市,Sakuragawa-shi,2
08,茨城県,08232,神栖市,Kamisu-shi,2
08,茨城県,08233,行方市,Namegata-shi,2
08,茨城県,08234,鉾田市,Hokota-shi,2
08,茨城県,08235,つくばみらい市,Tsukubamirai-shi,2
08,茨城県,08236,小美玉市,Omitama-shi,2
08,茨城県,08302,茨城町,Ibaraki-machi,3
08,茨城県,08309,大洗町,Oarai-machi,3
08,茨城県,08310,城里町,Shirosato-machi,3
08,茨城県,08341,東海村,Tokai-mura,3
08,茨城県,08364,大子町,Daigo-machi,3
08,茨城県,08442,美浦村,Miho-mura,3
08,茨城県,08443,阿見町,Ami-machi,3
08,茨城県,08447,河内町,Kawachi-machi,3
08,茨城県,08521,八千代町,Yachiyo-machi,3
08,茨城県,08542,五霞町,Goka-machi,3
08,茨城県,08546,境町,Sakai-machi,3
08,茨城県,08564,利根町,Tone-machi,3
09,栃木県,09000,栃木県,Tochigi-ken,a
09,栃木県,09201,宇都宮市,Utsunomiya-shi,2
09,栃木県,09202,足利市,Ashikaga-shi,2
09,栃木県,09203,栃木市,Tochigi-shi,2
09,栃木県,09204,佐野市,Sano-shi,2
09,栃木県,09205,鹿沼市,Kanuma-shi,2
09,栃木県,09206,日光市,Nikko-shi,2
09,栃木県,09208,小山市,Oyama-shi,2
09,栃木県,09209,真岡市,Moka-shi,2
09,栃木県,09210,大田原市,Ohtawara-shi,2
09,栃木県,09211,矢板市,Yaita-shi,2
09,栃木県,09213,那須塩原市,Nasushiobara-shi,2
09,栃木県,09214,さくら市,Sakura-shi,2
09,栃木県,09215,那須烏山市,Nasukarasuyama-shi,2
09,栃木県,09216,下野市,Shimotsuke-shi,2
09,栃木県,09301,上三川町,Kaminokawa-machi,3
09,栃木県,09342,益子町,Mashiko-machi,3
09,栃木県,09343,茂木町,Motegi-machi,3
09,栃木県,09344,市貝町,Ichikai-machi,3
09,栃木県,09345,芳賀町,Haga-machi,3
09,栃木県,09361,壬生町,Mibu-machi,3
09,栃木県,09364,野木町,Nogi-machi,3
09,栃木県,09384,塩谷町,Shioya-machi,3
09,栃木県,09386,高根沢町,Takanezawa-machi,3
09,栃木県,09407,那須町,Nasu-machi,3
09,栃木県,09411,那珂川町,Nakagawa-machi,3
10,群馬県,10000,群馬県,Gumma-ken,a
10,群馬県,10201,前橋市,Maebashi-shi,2
10,群馬県,10202,高崎市,Takasaki-shi,2
10,群馬県,10203,桐生市,Kiryu-shi,2
10,群馬県,10204,伊勢崎市,Isesaki-shi,2
10,群馬県,10205,太田市,Ota-shi,2
10,群馬県,10206,沼田市,Numata-shi,2
10,群馬県,10207,館林市,Tatebayashi-shi,2
10,群馬県,10208,渋川市,Shibukawa-shi,2
10,群馬県,10209,藤岡市,Fujioka-shi,2
10,群馬県,10210,富岡市,Tomioka-shi,2
10,群馬県,10211,安中市,Annaka-shi,2
10,群馬県,10212,みどり市,Midori-shi,2
10,群馬県,10344,榛東村,Shinto-mura,3
10,群馬県,10345,吉岡町,Yoshioka-machi,3
10,群馬県,10366,上野村,Ueno-mura,3
10,群馬県,10367,神流町,Kanna-machi,3
10,群馬県,10382,下仁田町,Shimonita-machi,3
10,群馬県,10383,南牧村,Nanmoku-mura,3
10,群馬県,10384,甘楽町,Kanra-machi,3
10,群馬県,10421,中之条町,Nakanojo-machi,3
10,群馬県,10424,長野原町,Naganohara-machi,3
10,群馬県,10425,嬬恋村,Tsumagoi-mura,3
10,群馬県,10426,草津町,Kusatsu-machi,3
10,群馬県,10428,高山村,Takayama-mura,3
10,群馬県,10429,東吾妻町,Higashiagatsuma-machi,3
10,群馬県,10443,片品村,Katashina-mura,3
10,群馬県,10444,川場村,Kawaba-mura,3
10,群馬県,10448,昭和村,Showa-mura,3
10,群馬県,10449,みなかみ町,Minakami-machi,3
10,群馬県,10464,玉村町,Tamamura-machi,3
10,群馬県,10521,板倉町,Itakura-machi,3
10,群馬県,10522,明和町,Meiwa-machi,3
10,群馬県,10523,千代田町,Chiyoda-machi,3
10,群馬県,10524,大泉町,Oizumi-machi,3
10,群馬県,10525,邑楽町,Ora-machi,3
11,埼玉県,11000,埼玉県,Saitama-ken,a
11,埼玉県,11100,さいたま市,Saitama-shi,1
11,埼玉県,11101,さいたま市西区,Saitama-shi Nishi-ku,0
11,埼玉県,11102,さいたま市北区,Saitama-shi Kita-ku,0
11,埼玉県,11103,さいたま市大宮区,Saitama-shi Omiya-ku,0
11,埼玉県,11104,さいたま市見沼区,Saitama-shi Minuma-ku,0
11,埼玉県,11105,さいたま市中央区,Saitama-shi Chuo-ku,0
11,埼玉県,11106,さいたま市桜区,Saitama-shi Sakura-ku,0
11,埼玉県,11107,さいたま市浦和区,Saitama-shi Urawa-ku,0
11,埼玉県,11108,さいたま市南区,Saitama-shi Minami-ku,0
11,埼玉県,11109,さいたま市緑区,Saitama-shi Midori-ku,0
11,埼玉県,11110,さいたま市岩槻区,Saitama-shi Iwatsuki-ku,0
11,埼玉県,11201,川越市,Kawagoe-shi,2
11,埼玉県,11202,熊谷市,Kumagaya-shi,2
11,埼玉県,11203,川口市,Kawaguchi-shi,2
11,埼玉県,11206,行田市,Gyoda-shi,2
11,埼玉県,11207,秩父市,Chichibu-shi,2
11,埼玉県,11208,所沢市,Tokorozawa-shi,2
11,埼玉県,11209,飯能市,Hanno-shi,2
11,埼玉県,11210,加須市,Kazo-shi,2
11,埼玉県,11211,本庄市,Honjo-shi,2
11,埼玉県,11212,東松山市,Higashimatsuyama-shi,2
11,埼玉県,11214,春日部市,Kasukabe-shi,2
11,埼玉県,11215,狭山市,Sayama-shi,2
11,埼玉県,11216,羽生市,Hanyu-shi,2
11,埼玉県,11217,鴻巣市,Konosu-shi,2
11,埼玉県,11218,深谷市,Fukaya-shi,2
11,埼玉県,11219,上尾市,Ageo-shi,2
11,埼玉県,11221,草加市,Soka-shi,2
11,埼玉県,11222,越谷市,Koshigaya-shi,2
11,埼玉県,11223,蕨市,Warabi-shi,2
11,埼玉県,11224,戸田市,Toda-shi,2
11,埼玉県,11225,入間市,Iruma-shi,2
11,埼玉県,11227,朝霞市,Asaka-shi,2
11,埼玉県,11228,志木市,Shiki-shi,2
11,埼玉県,11229,和光市,Wako-shi,2
11,埼玉県,11230,新座市,Niiza-shi,2
11,埼玉県,11231,桶川市,Okegawa-shi,2
11,埼玉県,11232,久喜市,Kuki-shi,2
11,埼玉県,11233,北本市,Kitamoto-shi,2
11,埼玉県,11234,八潮市,Yashio-shi,2
11,埼玉県,11235,富士見市,Fujimi-shi,2
11,埼玉県,11237,三郷市,Misato-shi,2
11,埼玉県,11238,蓮田市,Hasuda-shi,2
11,埼玉県,11239,坂戸市,Sakado-shi,2
11,埼玉県,11240,幸手市,Satte-shi,2
11,埼玉県,11241,鶴ヶ島市,Tsurugashima-shi,2
11,埼玉県,11242,日高市,Hidaka-shi,2
11,埼玉県,11243,吉川市,Yoshikawa-shi,2
11,埼玉県,11245,ふじみ野市,Fujimino-shi,2
11,埼玉県,11246,白岡市,Shiraoka-shi,2
11,埼玉県,11301,伊奈町,Ina-machi,3
11,埼玉県,11324,三芳町,Miyoshi-machi,3
11,埼玉県,11326,毛呂山町,Moroyama-machi,3
11,埼玉県,11327,越生町,Ogose-machi,3
11,埼玉県,11341,滑川町,Namegawa-machi,3
11,埼玉県,11342,嵐山町,Ranzan-machi,3
11,埼玉県,11343,小川町,Ogawa-machi,3
11,埼玉県,11346,川島町,Kawajima-machi,3
11,埼玉県,11347,吉見町,Yoshimi-machi,3
11,埼玉県,11348,鳩山町,Hatoyama-machi,3
11,埼玉県,11349,ときがわ町,Tokigawa-machi,3
11,埼玉県,11361,横瀬町,Yokoze-machi,3
11,埼玉県,11362,皆野町,Minano-machi,3
11,埼玉県,11363,長瀞町,Nagatoro-machi,3
11,埼玉県,11365,小鹿野町,Ogano-machi,3
11,埼玉県,11369,東秩父村,Higashichichibu-mura,3
11,埼玉県,11381,美里町,Misato-machi,3
11,埼玉県,11383,神川町,Kamikawa-machi,3
11,埼玉県,11385,上里町,Kamisato-machi,3
11,埼玉県,11408,寄居町,Yorii-machi,3
11,埼玉県,11442,宮代町,Miyashiro-machi,3
11,埼玉県,11464,杉戸町,Sugito-machi,3
11,埼玉県,11465,松伏町,Matsubushi-machi,3
12,千葉県,12000,千葉県,Chiba-ken,a
12,千葉県,12100,千葉市,Chiba-shi,1
12,千葉県,12101,千葉市中央区,Chiba-shi Chuo-ku,0
12,千葉県,12102,千葉市花見川区,Chiba-shi Hanamigawa-ku,0
12,千葉県,12103,千葉市稲毛区,Chiba-shi Inage-ku,0
12,千葉県,12104,千葉市若葉区,Chiba-shi Wakaba-ku,0
12,千葉県,12105,千葉市緑区,Chiba-shi Midori-ku,0
12,千葉県,12106,千葉市美浜区,Chiba-shi Mihama-ku,0
12,千葉県,12202,銚子市,Choshi-shi,2
12,千葉県,12203,市川市,Ichikawa-shi,2
12,千葉県,12204,船橋市,Funabashi-shi,2
12,千葉県,12205,館山市,Tateyama-shi,2
12,千葉県,12206,木更津市,Kisarazu-shi,2
12,千葉県,12207,松戸市,Matsudo-shi,2
12,千葉県,12208,野田市,Noda-shi,2
12,千葉県,12210,茂原市,Mobara-shi,2
12,千葉県,12211,成田市,Narita-shi,2
12,千葉県,12212,佐倉市,Sakura-shi,2
12,千葉県,12213,東金市,Togane-shi,2
12,千葉県,12215,旭市,Asahi-shi,2
12,千葉県,12216,習志野市,Narashino-shi,2
12,千葉県,12217,柏市,Kashiwa-shi,2
12,千葉県,12218,勝浦市,Katsuura-shi,2
12,千葉県,12219,市原市,Ichihara-shi,2
12,千葉県,12220,流山市,Nagareyama-shi,2
12,千葉県,12221,八千代市,Yachiyo-shi,2
12,千葉県,12222,我孫子市,Abiko-shi,2
12,千葉県,12223,鴨川市,Kamogawa-shi,2
12,千葉県,12224,鎌ケ谷市,Kamagaya-shi,2
12,千葉県,12225,君津市,Kimitsu-shi,2
12,千葉県,12226,富津市,Futtsu-shi,2
12,千葉県,12227,浦安市,Urayasu-shi,2
12,千葉県,12228,四街道市,Yotsukaido-shi,2
12,千葉県,12229,袖ケ浦市,Sodegaura-shi,2
12,千葉県,12230,八街市,Yachimata-shi,2
12,千葉県,12231,印西市,Inzai-shi,2
12,千葉県,12232,白井市,Shiroi-shi,2
12,千葉県,12233,富里市,Tomisato-shi,2
12,千葉県,12234,南房総市,Minamiboso-shi,2
12,千葉県,12235,匝瑳市,Sosa-shi,2
12,千葉県,12236,香取市,Katori-shi,2
12,千葉県,12237,山武市,Sammu-shi,2
12,千葉県,12238,いすみ市,Isumi-shi,2
12,千葉県,12239,大網白里市,Oamishirasato-shi,2
12,千葉県,12322,酒々井町,Shisui-machi,3
12,千葉県,12329,栄町,Sakae-machi,3
12,千葉県,12342,神崎町,Kozaki-machi,3
12,千葉県,12347,多古町,Tako-machi,3
12,千葉県,12349,東庄町,Tonosho-machi,3
12,千葉県,12403,九十九里町,Kujukuri-machi,3
12,千葉県,12409,芝山町,Shibayama-machi,3
12,千葉県,12410,横芝光町,Yokoshibahikari-machi,3
12,千葉県,12421,一宮町,Ichinomiya-machi,3
12,千葉県,12422,睦沢町,Mutsuzawa-machi,3
12,千葉県,12423,長生村,Chosei-mura,3
12,千葉県,12424,白子町,Shirako-machi,3
12,千葉県,12426,長柄町,Nagara-machi,3
12,千葉県,12427,長南町,Chonan-machi,3
12,千葉県,12441,大多喜町,Otaki-machi,3
12,千葉県,12443,御宿町,Onjuku-machi,3
12,千葉県,12463,鋸南町,Kyonan-machi,3
13,東京都,13000,東京都,Tokyo-to,a
13,東京都,13100,特別区部,Ku-area,1
13,東京都,13101,千代田区,Chiyoda-ku,0
13,東京都,13102,中央区,Chuo-ku,0
13,東京都,13103,港区,Minato-ku,0
13,東京都,13104,新宿区,Shinjuku-ku,0
13,東京都,13105,文京区,Bunkyo-ku,0
13,東京都,13106,台東区,Taito-ku,0
13,東京都,13107,墨田区,Sumida-ku,0
13,東京都,13108,江東区,Koto-ku,0
13,東京都,13109,品川区,Shinagawa-ku,0
13,東京都,13110,目黒区,Meguro-ku,0
13,東京都,13111,大田区,Ota-ku,0
13,東京都,13112,世田谷区,Setagaya-ku,0
13,東京都,13113,渋谷区,Shibuya-ku,0
13,東京都,13114,中野区,Nakano-ku,0
13,東京都,13115,杉並区,Suginami-ku,0
13,東京都,13116,豊島区,Toshima-ku,0
13,東京都,13117,北区,Kita-ku,0
13,東京都,13118,荒川区,Arakawa-ku,0
13,東京都,13119,板橋区,Itabashi-ku,0
13,東京都,13120,練馬区,Nerima-ku,0
13,東京都,13121,足立区,Adachi-ku,0
13,東京都,13122,葛飾区,Katsushika-ku,0
13,東京都,13123,江戸川区,Edogawa-ku,0
13,東京都,13201,八王子市,Hachioji-shi,2
13,東京都,13202,立川市,Tachikawa-shi,2
13,東京都,13203,武蔵野市,Musashino-shi,2
13,東京都,13204,三鷹市,Mitaka-shi,2
13,東京都,13205,青梅市,Ome-shi,2
13,東京都,13206,府中市,Fuchu-shi,2
13,東京都,13207,昭島市,Akishima-shi,2
13,東京都,13208,調布市,Chofu-shi,2
13,東京都,13209,町田市,Machida-shi,2
13,東京都,13210,小金井市,Koganei-shi,2
13,東京都,13211,小平市,Kodaira-shi,2
13,東京都,13212,日野市,Hino-shi,2
13,東京都,13213,東村山市,Higashimurayama-shi,2
13,東京都,13214,国分寺市,Kokubunji-shi,2
13,東京都,13215,国立市,Kunitachi-shi,2
13,東京都,13218,福生市,Fussa-shi,2
13,東京都,13219,狛江市,Komae-shi,2
13,東京都,13220,東大和市,Higashiyamato-shi,2
13,東京都,13221,清瀬市,Kiyose-shi,2
13,東京都,13222,東久留米市,Higashikurume-shi,2
13,東京都,13223,武蔵村山市,Musashimurayama-shi,2
13,東京都,13224,多摩市,Tama-shi,2
13,東京都,13225,稲城市,Inagi-shi,2
13,東京都,13227,羽村市,Hamura-shi,2
13,東京都,13228,あきる野市,Akiruno-shi,2
13,東京都,13229,西東京市,Nishitokyo-shi,2
13,東京都,13303,瑞穂町,Mizuho-machi,3
13,東京都,13305,日の出町,Hinode-machi,3
13,東京都,13307,檜原村,Hinohara-mura,3
13,東京都,13308,奥多摩町,Okutama-machi,3
13,東京都,13361,大島町,Oshima-machi,3
13,東京都,13362,利島村,Toshima-mura,3
13,東京都,13363,新島村,Niijima-mura,3
13,東京都,13364,神津島村,Kouzushima-mura,3
13,東京都,13381,三宅村,Miyake-mura,3
13,東京都,13382,御蔵島村,Mikurajima-mura,3
13,東京都,13401,八丈町,Hachijo-machi,3
13,東京都,13402,青ヶ島村,Aogashima-mura,3
13,東京都,13421,小笠原村,Ogasawara-mura,3
14,神奈川県,14000,神奈川県,Kanagawa-ken,a
14,神奈川県,14100,横浜市,Yokohama-shi,1
14,神奈川県,14101,横浜市鶴見区,Yokohama-shi Tsurumi-ku,0
14,神奈川県,14102,横浜市神奈川区,Yokohama-shi Kanagawa-ku,0
14,神奈川県,14103,横浜市西区,Yokohama-shi Nishi-ku,0
14,神奈川県,14104,横浜市中区,Yokohama-shi Naka-ku,0
14,神奈川県,14105,横浜市南区,Yokohama-shi Minami-ku,0
14,神奈川県,14106,横浜市保土ケ谷区,Yokohama-shi Hodogaya-ku,0
14,神奈川県,14107,横浜市磯子区,Yokohama-shi Isogo-ku,0
14,神奈川県,14108,横浜市金沢区,Yokohama-shi Kanazawa-ku,0
14,神奈川県,14109,横浜市港北区,Yokohama-shi Kohoku-ku,0
14,神奈川県,14110,横浜市戸塚区,Yokohama-shi Totsuka-ku,0
14,神奈川県,14111,横浜市港南区,Yokohama-shi Konan-ku,0
14,神奈川県,14112,横浜市旭区,Yokohama-shi Asahi-ku,0
14,神奈川県,14113,横浜市緑区,Yokohama-shi Midori-ku,0
14,神奈川県,14114,横浜市瀬谷区,Yokohama-shi Seya-ku,0
14,神奈川県,14115,横浜市栄区,Yokohama-shi Sakae-ku,0
14,神奈川県,14116,横浜市泉区,Yokohama-shi Izumi-ku,0
14,神奈川県,14117,横浜市青葉区,Yokohama-shi Aoba-ku,0
14,神奈川県,14118,横浜市都筑区,Yokohama-shi Tsuzuki-ku,0
14,神奈川県,14130,川崎市,Kawasaki-shi,1
14,神奈川県,14131,川崎市川崎区,Kawasaki-shi Kawasaki-ku,0
14,神奈川県,14132,川崎市幸区,Kawasaki-shi Saiwai-ku,0
14,神奈川県,14133,川崎市中原区,Kawasaki-shi Nakahara-ku,0
14,神奈川県,14134,川崎市高津区,Kawasaki-shi Takatsu-ku,0
14,神奈川県,14135,川崎市多摩区,Kawasaki-shi Tama-ku,0
14,神奈川県,14136,川崎市宮前区,Kawasaki-shi Miyamae-ku,0
14,神奈川県,14137,川崎市麻生区,Kawasaki-shi Asao-ku,0
14,神奈川県,14150,相模原市,Sagamihara-shi,1
14,神奈川県,14151,相模原市緑区,Sagamihara-shi Midori-ku,0
14,神奈川県,14152,相模原市中央区,Sagamihara-shi Chuo-ku,0
14,神奈川県,14153,相模原市南区,Sagamihara-shi Minami-ku,0
14,神奈川県,14201,横須賀市,Yokosuka-shi,2
14,神奈川県,14203,平塚市,Hiratsuka-shi,2
14,神奈川県,14204,鎌倉市,Kamakura-shi,2
14,神奈川県,14205,藤沢市,Fujisawa-shi,2
14,神奈川県,14206,小田原市,Odawara-shi,2
14,神奈川県,14207,茅ヶ崎市,Chigasaki-shi,2
14,神奈川県,14208,逗子市,Zushi-shi,2
14,神奈川県,14210,三浦市,Miura-shi,2
14,神奈川県,14211,秦野市,Hadano-shi,2
14,神奈川県,14212,厚木市,Atsugi-shi,2
14,神奈川県,14213,大和市,Yamato-shi,2
14,神奈川県,14214,伊勢原市,Isehara-shi,2
14,神奈川県,14215,海老名市,Ebina-shi,2
14,神奈川県,14216,座間市,Zama-shi,2
14,神奈川県,14217,南足柄市,Minamiashigara-shi,2
14,神奈川県,14218,綾瀬市,Ayase-shi,2
14,神奈川県,14301,葉山町,Hayama-machi,3
14,神奈川県,14321,寒川町,Samukawa-machi,3
14,神奈川県,14341,大磯町,Oiso-machi,3
14,神奈川県,14342,二宮町,Ninomiya-machi,3
14,神奈川県,14361,中井町,Nakai-machi,3
14,神奈川県,14362,大井町,Oi-machi,3
14,神奈川県,14363,松田町,Matsuda-machi,3
14,神奈川県,14364,山北町,Yamakita-machi,3
14,神奈川県,14366,開成町,Kaisei-machi,3
14,神奈川県,14382,箱根町,Hakone-machi,3
14,神奈川県,14383,真鶴町,Manazuru-machi,3
14,神奈川県,14384,湯河原町,Yugawara-machi,3
14,神奈川県,14401,愛川町,Aikawa-machi,3
14,神奈川県,14402,清川村,Kiyokawa-mura,3
15,新潟県,15000,新潟県,Niigata-ken,a
15,新潟県,15100,新潟市,Niigata-shi,1
15,新潟県,15101,新潟市北区,Niigata-shi Kita-ku,0
15,新潟県,15102,新潟市東区,Niigata-shi Higashi-ku,0
15,新潟県,15103,新潟市中央区,Niigata-shi Chuo-ku,0
15,新潟県,15104,新潟市江南区,Niigata-shi Konan-ku,0
15,新潟県,15105,新潟市秋葉区,Niigata-shi Akiha-ku,0
15,新潟県,15106,新潟市南区,Niigata-shi Minami-ku,0
15,新潟県,15107,新潟市西区,Niigata-shi Nishi-ku,0
15,新潟県,15108,新潟市西蒲区,Niigata-shi Nishikan-ku,0
15,新潟県,15202,長岡市,Nagaoka-shi,2
15,新潟県,15204,三条市,Sanjo-shi,2
15,新潟県,15205,柏崎市,Kashiwazaki-shi,2
15,新潟県,15206,新発田市,Shibata-shi,2
15,新潟県,15208,小千谷市,Ojiya-shi,2
15,新潟県,15209,加茂市,Kamo-shi,2
15,新潟県,15210,十日町市,Tokamachi-shi,2
15,新潟県,15211,見附市,Mitsuke-shi,2
15,新潟県,15212,村上市,Murakami-shi,2
15,新潟県,15213,燕市,Tsubame-shi,2
15,新潟県,15216,糸魚川市,Itoigawa-shi,2
15,新潟県,15217,妙高市,Myoko-shi,2
15,新潟県,15218,五泉市,Gosen-shi,2
15,新潟県,15222,上越市,Joetsu-shi,2
15,新潟県,15223,阿賀野市,Agano-shi,2
15,新潟県,15224,佐渡市,Sado-shi,2
15,新潟県,15225,魚沼市,Uonuma-shi,2
15,新潟県,15226,南魚沼市,Minamiuonuma-shi,2
15,新潟県,15227,胎内市,Tainai-shi,2
15,新潟県,15307,聖籠町,Seiro-machi,3
15,新潟県,15342,弥彦村,Yahiko-mura,3
15,新潟県,15361,田上町,Tagami-machi,3
15,新潟県,15385,阿賀町,Aga-machi,3
15,新潟県,15405,出雲崎町,Izumozaki-machi,3
15,新潟県,15461,湯沢町,Yuzawa-machi,3
15,新潟県,15482,津南町,Tsunan-machi,3
15,新潟県,15504,刈羽村,Kariwa-mura,3
15,新潟県,15581,関川村,Sekikawa-mura,3
15,新潟県,15586,粟島浦村,Awashimaura-mura,3
16,富山県,16000,富山県,Toyama-ken,a
16,富山県,16201,富山市,Toyama-shi,2
16,富山県,16202,高岡市,Takaoka-shi,2
16,富山県,16204,魚津市,Uozu-shi,2
16,富山県,16205,氷見市,Himi-shi,2
16,富山県,16206,滑川市,Namerikawa-shi,2
16,富山県,16207,黒部市,Kurobe-shi,2
16,富山県,16208,砺波市,Tonami-shi,2
16,富山県,16209,小矢部市,Oyabe-shi,2
16,富山県,16210,南砺市,Nanto-shi,2
16,富山県,16211,射水市,Imizu-shi,2
16,富山県,16321,舟橋村,Funahashi-mura,3
16,富山県,16322,上市町,Kamiichi-machi,3
16,富山県,16323,立山町,Tateyama-machi,3
16,富山県,16342,入善町,Nyuzen-machi,3
16,富山県,16343,朝日町,Asahi-machi,3
17,石川県,17000,石川県,Ishikawa-ken,a
17,石川県,17201,金沢市,Kanazawa-shi,2
17,石川県,17202,七尾市,Nanao-shi,2
17,石川県,17203,小松市,Komatsu-shi,2
17,石川県,17204,輪島市,Wajima-shi,2
17,石川県,17205,珠洲市,Suzu-shi,2
17,石川県,17206,加賀市,Kaga-shi,2
17,石川県,17207,羽咋市,Hakui-shi,2
17,石川県,17209,かほく市,Kahoku-shi,2
17,石川県,17210,白山市,Hakusan-shi,2
17,石川県,17211,能美市,Nomi-shi,2
17,石川県,17212,野々市市,Nonoichi-shi,2
17,石川県,17324,川北町,Kawakita-machi,3
17,石川県,17361,津幡町,Tsubata-machi,3
17,石川県,17365,内灘町,Uchinada-machi,3
17,石川県,17384,志賀町,Shika-machi,3
17,石川県,17386,宝達志水町,Hodatsushimizu-cho,3
17,石川県,17407,中能登町,Nakanoto-machi,3
17,石川県,17461,穴水町,Anamizu-machi,3
17,石川県,17463,能登町,Noto-cho,3
18,福井県,18000,福井県,Fukui-ken,a
18,福井県,18201,福井市,Fukui-shi,2
18,福井県,18202,敦賀市,Tsuruga-shi,2
18,福井県,18204,小浜市,Obama-shi,2
18,福井県,18205,大野市,Ono-shi,2
18,福井県,18206,勝山市,Katsuyama-shi,2
18,福井県,18207,鯖江市,Sabae-shi,2
18,福井県,18208,あわら市,Awara-shi,2
18,福井県,18209,越前市,Echizen-shi,2
18,福井県,18210,坂井市,Sakai-shi,2
18,福井県,18322,永平寺町,Eiheiji-cho,3
18,福井県,18382,池田町,Ikeda-cho,3
18,福井県,18404,南越前町,Minamiechizen-cho,3
18,福井県,18423,越前町,Echizen-cho,3
18,福井県,18442,美浜町,Mihama-cho,3
18,福井県,18481,高浜町,Takahama-cho,3
18,福井県,18483,おおい町,Ohi-cho,3
18,福井県,18501,若狭町,Wakasa-cho,3
19,山梨県,19000,山梨県,Yamanashi-ken,a
19,山梨県,19201,甲府市,Kofu-shi,2
19,山梨県,19202,富士吉田市,Fujiyoshida-shi,2
19,山梨県,19204,都留市,Tsuru-shi,2
19,山梨県,19205,山梨市,Yamanashi-shi,2
19,山梨県,19206,大月市,Otsuki-shi,2
19,山梨県,19207,韮崎市,Nirasaki-shi,2
19,山梨県,19208,南アルプス市,Minamialps-shi,2
19,山梨県,19209,北杜市,Hokuto-shi,2
19,山梨県,19210,甲斐市,Kai-shi,2
19,山梨県,19211,笛吹市,Fuefuki-shi,2
19,山梨県,19212,上野原市,Uenohara-shi,2
19,山梨県,19213,甲州市,Koshu-shi,2
19,山梨県,19214,中央市,Chuo-shi,2
19,山梨県,19346,市川三郷町,Ichikawamisato-cho,3
19,山梨県,19364,早川町,Hayakawa-cho,3
19,山梨県,19365,身延町,Minobu-cho,3
19,山梨県,19366,南部町,Nanbu-cho,3
19,山梨県,19368,富士川町,Fujikawa-cho,3
19,山梨県,19384,昭和町,Showa-cho,3
19,山梨県,19422,道志村,Doshi-mura,3
19,山梨県,19423,西桂町,Nishikatsura-cho,3
19,山梨県,19424,忍野村,Oshino-mura,3
19,山梨県,19425,山中湖村,Yamanakako-mura,3
19,山梨県,19429,鳴沢村,Narusawa-mura,3
19,山梨県,19430,富士河口湖町,Fujikawaguchiko-machi,3
19,山梨県,19442,小菅村,Kosuge-mura,3
19,山梨県,19443,丹波山村,Tabayama-mura,3
20,長野県,20000,長野県,Nagano-ken,a
20,長野県,20201,長野市,Nagano-shi,2
20,長野県,20202,松本市,Matsumoto-shi,2
20,長野県,20203,上田市,Ueda-shi,2
20,長野県,20204,岡谷市,Okaya-shi,2
20,長野県,20205,飯田市,Iida-shi,2
20,長野県,20206,諏訪市,Suwa-shi,2
20,長野県,20207,須坂市,Suzaka-shi,2
20,長野県,20208,小諸市,Komoro-shi,2
20,長野県,20209,伊那市,Ina-shi,2
20,長野県,20210,駒ヶ根市,Komagane-shi,2
20,長野県,20211,中野市,Nakano-shi,2
20,長野県,20212,大町市,Omachi-shi,2
20,長野県,20213,飯山市,Iiyama-shi,2
20,長野県,20214,茅野市,Chino-shi,2
20,長野県,20215,塩尻市,Shiojiri-shi,2
20,長野県,20217,佐久市,Saku-shi,2
20,長野県,20218,千曲市,Chikuma-shi,2
20,長野県,20219,東御市,Tomi-shi,2
20,長野県,20220,安曇野市,Azumino-shi,2
20,長野県,20303,小海町,Koumi-machi,3
20,長野県,20304,川上村,Kawakami-mura,3
20,長野県,20305,南牧村,Minamimaki-mura,3
20,長野県,20306,南相木村,Minamiaiki-mura,3
20,長野県,20307,北相木村,Kitaaiki-mura,3
20,長野県,20309,佐久穂町,Sakuho-machi,3
20,長野県,20321,軽井沢町,Karuizawa-machi,3
20,長野県,20323,御代田町,Miyota-machi,3
20,長野県,20324,立科町,Tateshina-machi,3
20,長野県,20349,青木村,Aoki-mura,3
20,長野県,20350,長和町,Nagawa-machi,3
20,長野県,20361,下諏訪町,Shimosuwa-machi,3
20,長野県,20362,富士見町,Fujimi-machi,3
20,長野県,20363,原村,Hara-mura,3
20,長野県,20382,辰野町,Tatsuno-machi,3
20,長野県,20383,箕輪町,Minowa-machi,3
20,長野県,20384,飯島町,Iijima-machi,3
20,長野県,20385,南箕輪村,Minamiminowa-mura,3
20,長野県,20386,中川村,Nakagawa-mura,3
20,長野県,20388,宮田村,Miyada-mura,3
20,長野県,20402,松川町,Matsukawa-machi,3
20,長野県,20403,高森町,Takamori-machi,3
20,長野県,20404,阿南町,Anan-cho,3
20,長野県,20407,阿智村,Achi-mura,3
20,長野県,20409,平谷村,Hiraya-mura,3
20,長野県,20410,根羽村,Neba-mura,3
20,長野県,20411,下條村,Shimojo-mura,3
20,長野県,20412,売木村,Urugi-mura,3
20,長野県,20413,天龍村,Tenryu-mura,3
20,長野県,20414,泰阜村,Yasuoka-mura,3
20,長野県,20415,喬木村,Takagi-mura,3
20,長野県,20416,豊丘村,Toyooka-mura,3
20,長野県,20417,大鹿村,Oshika-mura,3
20,長野県,20422,上松町,Agematsu-machi,3
20,長野県,20423,南木曽町,Nagiso-machi,3
20,長野県,20425,木祖村,Kiso-mura,3
20,長野県,20429,王滝村,Otaki-mura,3
20,長野県,20430,大桑村,Okuwa-mura,3
20,長野県,20432,木曽町,Kiso-machi,3
20,長野県,20446,麻績村,Omi-mura,3
20,長野県,20448,生坂村,Ikusaka-mura,3
20,長野県,20450,山形村,Yamagata-mura,3
20,長野県,20451,朝日村,Asahi-mura,3
20,長野県,20452,筑北村,Chikuhoku-mura,3
20,長野県,20481,池田町,Ikeda-machi,3
20,長野県,20482,松川村,Matsukawa-mura,3
20,長野県,20485,白馬村,Hakuba-mura,3
20,長野県,20486,小谷村,Otari-mura,3
20,長野県,20521,坂城町,Sakaki-machi,3
20,長野県,20541,小布施町,Obuse-machi,3
20,長野県,20543,高山村,Takayama-mura,3
20,長野県,20561,山ノ内町,Yamanouchi-machi,3
20,長野県,20562,木島平村,Kijimadaira-mura,3
20,長野県,20563,野沢温泉村,Nozawaonsen-mura,3
20,長野県,20583,信濃町,Shinano-machi,3
20,長野県,20588,小川村,Ogawa-mura,3
20,長野県,20590,飯綱町,Iizuna-machi,3
20,長野県,20602,栄村,Sakae-mura,3
21,岐阜県,21000,岐阜県,Gifu-ken,a
21,岐阜県,21201,岐阜市,Gifu-shi,2
21,岐阜県,21202,大垣市,Ogaki-shi,2
21,岐阜県,21203,高山市,Takayama-shi,2
21,岐阜県,21204,多治見市,Tajimi-shi,2
21,岐阜県,21205,関市,Seki-shi,2
21,岐阜県,21206,中津川市,Nakatsugawa-shi,2
21,岐阜県,21207,美濃市,Mino-shi,2
21,岐阜県,21208,瑞浪市,Mizunami-shi,2
21,岐阜県,21209,羽島市,Hashima-shi,2
21,岐阜県,21210,恵那市,Ena-shi,2
21,岐阜県,21211,美濃加茂市,Minokamo-shi,2
21,岐阜県,21212,土岐市,Toki-shi,2
21,岐阜県,21213,各務原市,Kakamigahara-shi,2
21,岐阜県,21214,可児市,Kani-shi,2
21,岐阜県,21215,山県市,Yamagata-shi,2
21,岐阜県,21216,瑞穂市,Mizuho-shi,2
21,岐阜県,21217,飛騨市,Hida-shi,2
21,岐阜県,21218,本巣市,Motosu-shi,2
21,岐阜県,21219,郡上市,Gujo-shi,2
21,岐阜県,21220,下呂市,Gero-shi,2
21,岐阜県,21221,海津市,Kaizu-shi,2
21,岐阜県,21302,岐南町,Ginan-cho,3
21,岐阜県,21303,笠松町,Kasamatsu-cho,3
21,岐阜県,21341,養老町,Yoro-cho,3
21,岐阜県,21361,垂井町,Tarui-cho,3
21,岐阜県,21362,関ケ原町,Sekigahara-cho,3
21,岐阜県,21381,神戸町,Godo-cho,3
21,岐阜県,21382,輪之内町,Wanouchi-cho,3
21,岐阜県,21383,安八町,Anpachi-cho,3
21,岐阜県,21401,揖斐川町,Ibigawa-cho,3
21,岐阜県,21403,大野町,Ono-cho,3
21,岐阜県,21404,池田町,Ikeda-cho,3
21,岐阜県,21421,北方町,Kitagata-cho,3
21,岐阜県,21501,坂祝町,Sakahogi-cho,3
21,岐阜県,21502,富加町,Tomika-cho,3
21,岐阜県,21503,川辺町,Kawabe-cho,3
21,岐阜県,21504,七宗町,Hichiso-cho,3
21,岐阜県,21505,八百津町,Yaotsu-cho,3
21,岐阜県,21506,白川町,Shirakawa-cho,3
21,岐阜県,21507,東白川村,Higashishirakawa-mura,3
21,岐阜県,21521,御嵩町,Mitake-cho,3
21,岐阜県,21604,白川村,Shirakawa-mura,3
22,静岡県,22000,静岡県,Shizuoka-ken,a
22,静岡県,22100,静岡市,Shizuoka-shi,1
22,静岡県,22101,静岡市葵区,Shizuoka-shi Aoi-ku,0
22,静岡県,22102,静岡市駿河区,Shizuoka-shi Suruga-ku,0
22,静岡県,22103,静岡市清水区,Shizuoka-shi Shimizu-ku,0
22,静岡県,22130,浜松市,Hamamatsu-shi,1
22,静岡県,22131,浜松市中区,Hamamatsu-shi Naka-ku,0
22,静岡県,22132,浜松市東区,Hamamatsu-shi Higashi-ku,0
22,静岡県,22133,浜松市西区,Hamamatsu-shi Nishi-ku,0
22,静岡県,22134,浜松市南区,Hamamatsu-shi Minami-ku,0
22,静岡県,22135,浜松市北区,Hamamatsu-shi Kita-ku,0
22,静岡県,22136,浜松市浜北区,Hamamatsu-shi Hamakita-ku,0
22,静岡県,22137,浜松市天竜区,Hamamatsu-shi Tenryu-ku,0
22,静岡県,22203,沼津市,Numazu-shi,2
22,静岡県,22205,熱海市,Atami-shi,2
22,静岡県,22206,三島市,Mishima-shi,2
22,静岡県,22207,富士宮市,Fujinomiya-shi,2
22,静岡県,22208,伊東市,Ito-shi,2
22,静岡県,22209,島田市,Shimada-shi,2
22,静岡県,22210,富士市,Fuji-shi,2
22,静岡県,22211,磐田市,Iwata-shi,2
22,静岡県,22212,焼津市,Yaizu-shi,2
22,静岡県,22213,掛川市,Kakegawa-shi,2
22,静岡県,22214,藤枝市,Fujieda-shi,2
22,静岡県,22215,御殿場市,Gotemba-shi,2
22,静岡県,22216,袋井市,Fukuroi-shi,2
22,静岡県,22219,下田市,Shimoda-shi,2
22,静岡県,22220,裾野市,Susono-shi,2
22,静岡県,22221,湖西市,Kosai-shi,2
22,静岡県,22222,伊豆市,Izu-shi,2
22,静岡県,22223,御前崎市,Omaezaki-shi,2
22,静岡県,22224,菊川市,Kikugawa-shi,2
22,静岡県,22225,伊豆の国市,Izunokuni-shi,2
22,静岡県,22226,牧之原市,Makinohara-shi,2
22,静岡県,22301,東伊豆町,Higashiizu-cho,3
22,静岡県,22302,河津町,Kawazu-cho,3
22,静岡県,22304,南伊豆町,Minamiizu-cho,3
22,静岡県,22305,松崎町,Matsuzaki-cho,3
22,静岡県,22306,西伊豆町,Nishiizu-cho,3
22,静岡県,22325,函南町,Kannami-cho,3
22,静岡県,22341,清水町,Shimizu-cho,3
22,静岡県,22342,長泉町,Nagaizumi-cho,3
22,静岡県,22344,小山町,Oyama-cho,3
22,静岡県,22424,吉田町,Yoshida-cho,3
22,静岡県,22429,川根本町,Kawanehon-cho,3
22,静岡県,22461,森町,Mori-machi,3
23,愛知県,23000,愛知県,Aichi-ken,a
23,愛知県,23100,名古屋市,Nagoya-shi,1
23,愛知県,23101,名古屋市千種区,Nagoya-shi Chikusa-ku,0
23,愛知県,23102,名古屋市東区,Nagoya-shi Higashi-ku,0
23,愛知県,23103,名古屋市北区,Nagoya-shi Kita-ku,0
23,愛知県,23104,名古屋市西区,Nagoya-shi Nishi-ku,0
23,愛知県,23105,名古屋市中村区,Nagoya-shi Nakamura-ku,0
23,愛知県,23106,名古屋市中区,Nagoya-shi Naka-ku,0
23,愛知県,23107,名古屋市昭和区,Nagoya-shi Showa-ku,0
23,愛知県,23108,名古屋市瑞穂区,Nagoya-shi Mizuho-ku,0
23,愛知県,23109,名古屋市熱田区,Nagoya-shi Atsuta-ku,0
23,愛知県,23110,名古屋市中川区,Nagoya-shi Nakagawa-ku,0
23,愛知県,23111,名古屋市港区,Nagoya-shi Minato-ku,0
23,愛知県,23112,名古屋市南区,Nagoya-shi Minami-ku,0
23,愛知県,23113,名古屋市守山区,Nagoya-shi Moriyama-ku,0
23,愛知県,23114,名古屋市緑区,Nagoya-shi Midori-ku,0
23,愛知県,23115,名古屋市名東区,Nagoya-shi Meito-ku,0
23,愛知県,23116,名古屋市天白区,Nagoya-shi Tempaku-ku,0
23,愛知県,23201,豊橋市,Toyohashi-shi,2
23,愛知県,23202,岡崎市,Okazaki-shi,2
23,愛知県,23203,一宮市,Ichinomiya-shi,2
23,愛知県,23204,瀬戸市,Seto-shi,2
23,愛知県,23205,半田市,Handa-shi,2
23,愛知県,23206,春日井市,Kasugai-shi,2
23,愛知県,23207,豊川市,Toyokawa-shi,2
23,愛知県,23208,津島市,Tsushima-shi,2
23,愛知県,23209,碧南市,Hekinan-shi,2
23,愛知県,23210,刈谷市,Kariya-shi,2
23,愛知県,23211,豊田市,Toyota-shi,2
23,愛知県,23212,安城市,Anjo-shi,2
23,愛知県,23213,西尾市,Nishio-shi,2
23,愛知県,23214,蒲郡市,Gamagori-shi,2
23,愛知県,23215,犬山市,Inuyama-shi,2
23,愛知県,23216,常滑市,Tokoname-shi,2
23,愛知県,23217,江南市,Konan-shi,2
23,愛知県,23219,小牧市,Komaki-shi,2
23,愛知県,23220,稲沢市,Inazawa-shi,2
23,愛知県,23221,新城市,Shinshiro-shi,2
23,愛知県,23222,東海市,Tokai-shi,2
23,愛知県,23223,大府市,Obu-shi,2
23,愛知県,23224,知多市,Chita-shi,2
23,愛知県,23225,知立市,Chiryu-shi,2
23,愛知県,23226,尾張旭市,Owariasahi-shi,2
23,愛知県,23227,高浜市,Takahama-shi,2
23,愛知県,23228,岩倉市,Iwakura-shi,2
23,愛知県,23229,豊明市,Toyoake-shi,2
23,愛知県,23230,日進市,Nisshin-shi,2
23,愛知県,23231,田原市,Tahara-shi,2
23,愛知県,23232,愛西市,Aisai-shi,2
23,愛知県,23233,清須市,Kiyosu-shi,2
23,愛知県,23234,北名古屋市,Kitanagoya-shi,2
23,愛知県,23235,弥富市,Yatomi-shi,2
23,愛知県,23236,みよし市,Miyoshi-shi,2
23,愛知県,23237,あま市,Ama-shi,2
23,愛知県,23238,長久手市,Nagakute-shi,2
23,愛知県,23302,東郷町,Togo-cho,3
23,愛知県,23342,豊山町,Toyoyama-cho,3
23,愛知県,23361,大口町,Oguchi-cho,3
23,愛知県,23362,扶桑町,Fuso-cho,3
23,愛知県,23424,大治町,Oharu-cho,3
23,愛知県,23425,蟹江町,Kanie-cho,3
23,愛知県,23427,飛島村,Tobishima-mura,3
23,愛知県,23441,阿久比町,Agui-cho,3
23,愛知県,23442,東浦町,Higashiura-cho,3
23,愛知県,23445,南知多町,Minamichita-cho,3
23,愛知県,23446,美浜町,Mihama-cho,3
23,愛知県,23447,武豊町,Taketoyo-cho,3
23,愛知県,23501,幸田町,Kota-cho,3
23,愛知県,23561,設楽町,Shitara-cho,3
23,愛知県,23562,東栄町,Toei-cho,3
23,愛知県,23563,豊根村,Toyone-mura,3
24,三重県,24000,三重県,Mie-ken,a
24,三重県,24201,津市,Tsu-shi,2
24,三重県,24202,四日市市,Yokkaichi-shi,2
24,三重県,24203,伊勢市,Ise-shi,2
24,三重県,24204,松阪市,Matsusaka-shi,2
24,三重県,24205,桑名市,Kuwana-shi,2
24,三重県,24207,鈴鹿市,Suzuka-shi,2
24,三重県,24208,名張市,Nabari-shi,2
24,三重県,24209,尾鷲市,Owase-shi,2
24,三重県,24210,亀山市,Kameyama-shi,2
24,三重県,24211,鳥羽市,Toba-shi,2
24,三重県,24212,熊野市,Kumano-shi,2
24,三重県,24214,いなべ市,Inabe-shi,2
24,三重県,24215,志摩市,Shima-shi,2
24,三重県,24216,伊賀市,Iga-shi,2
24,三重県,24303,木曽岬町,Kisosaki-cho,3
24,三重県,24324,東員町,Toin-cho,3
24,三重県,24341,菰野町,Komono-cho,3
24,三重県,24343,朝日町,Asahi-cho,3
24,三重県,24344,川越町,Kawagoe-cho,3
24,三重県,24441,多気町,Taki-cho,3
24,三重県,24442,明和町,Meiwa-cho,3
24,三重県,24443,大台町,Odai-cho,3
24,三重県,24461,玉城町,Tamaki-cho,3
24,三重県,24470,度会町,Watarai-cho,3
24,三重県,24471,大紀町,Taiki-cho,3
24,三重県,24472,南伊勢町,Minamiise-cho,3
24,三重県,24543,紀北町,Kihoku-cho,3
24,三重県,24561,御浜町,Mihama-cho,3
24,三重県,24562,紀宝町,Kiho-cho,3
25,滋賀県,25000,滋賀県,Shiga-ken,a
25,滋賀県,25201,大津市,Otsu-shi,2
25,滋賀県,25202,彦根市,Hikone-shi,2
25,滋賀県,25203,長浜市,Nagahama-shi,2
25,滋賀県,25204,近江八幡市,Omihachiman-shi,2
25,滋賀県,25206,草津市,Kusatsu-shi,2
25,滋賀県,25207,守山市,Moriyama-shi,2
25,滋賀県,25208,栗東市,Ritto-shi,2
25,滋賀県,25209,甲賀市,Koka-shi,2
25,滋賀県,25210,野洲市,Yasu-shi,2
25,滋賀県,25211,湖南市,Konan-shi,2
25,滋賀県,25212,高島市,Takashima-shi,2
25,滋賀県,25213,東近江市,Higashiomi-shi,2
25,滋賀県,25214,米原市,Maibara-shi,2
25,滋賀県,25383,日野町,Hino-cho,3
25,滋賀県,25384,竜王町,Ryuo-cho,3
25,滋賀県,25425,愛荘町,Aisho-cho,3
25,滋賀県,25441,豊郷町,Toyosato-cho,3
25,滋賀県,25442,甲良町,Koura-cho,3
25,滋賀県,25443,多賀町,Taga-cho,3
26,京都府,26000,京都府,Kyoto-fu,a
26,京都府,26100,京都市,Kyoto-shi,1
26,京都府,26101,京都市北区,Kyoto-shi Kita-ku,0
26,京都府,26102,京都市上京区,Kyoto-shi Kamigyo-ku,0
26,京都府,26103,京都市左京区,Kyoto-shi Sakyo-ku,0
26,京都府,26104,京都市中京区,Kyoto-shi Nakagyo-ku,0
26,京都府,26105,京都市東山区,Kyoto-shi Higashiyama-ku,0
26,京都府,26106,京都市下京区,Kyoto-shi Shimogyo-ku,0
26,京都府,26107,京都市南区,Kyoto-shi Minami-ku,0
26,京都府,26108,京都市右京区,Kyoto-shi Ukyo-ku,0
26,京都府,26109,京都市伏見区,Kyoto-shi Fushimi-ku,0
26,京都府,26110,京都市山科区,Kyoto-shi Yamashina-ku,0
26,京都府,26111,京都市西京区,Kyoto-shi Nishikyo-ku,0
26,京都府,26201,福知山市,Fukuchiyama-shi,2
26,京都府,26202,舞鶴市,Maizuru-shi,2
26,京都府,26203,綾部市,Ayabe-shi,2
26,京都府,26204,宇治市,Uji-shi,2
26,京都府,26205,宮津市,Miyazu-shi,2
26,京都府,26206,亀岡市,Kameoka-shi,2
26,京都府,26207,城陽市,Joyo-shi,2
26,京都府,26208,向日市,Muko-shi,2
26,京都府,26209,長岡京市,Nagaokakyo-shi,2
26,京都府,26210,八幡市,Yawata-shi,2
26,京都府,26211,京田辺市,Kyotanabe-shi,2
26,京都府,26212,京丹後市,Kyotango-shi,2
26,京都府,26213,南丹市,Nantan-shi,2
26,京都府,26214,木津川市,Kizugawa-shi,2
26,京都府,26303,大山崎町,Oyamazaki-cho,3
26,京都府,26322,久御山町,Kumiyama-cho,3
26,京都府,26343,井手町,Ide-cho,3
26,京都府,26344,宇治田原町,Ujitawara-cho,3
26,京都府,26364,笠置町,Kasagi-cho,3
26,京都府,26365,和束町,Wazuka-cho,3
26,京都府,26366,精華町,Seika-cho,3
26,京都府,26367,南山城村,Minamiyamashiro-mura,3
26,京都府,26407,京丹波町,Kyotamba-cho,3
26,京都府,26463,伊根町,Ine-cho,3
26,京都府,26465,与謝野町,Yosano-cho,3
27,大阪府,27000,大阪府,Osaka-fu,a
27,大阪府,27100,大阪市,Osaka-shi,1
27,大阪府,27102,大阪市都島区,Osaka-shi Miyakojima-ku,0
27,大阪府,27103,大阪市福島区,Osaka-shi Fukushima-ku,0
27,大阪府,27104,大阪市此花区,Osaka-shi Konohana-ku,0
27,大阪府,27106,大阪市西区,Osaka-shi Nishi-ku,0
27,大阪府,27107,大阪市港区,Osaka-shi Minato-ku,0
27,大阪府,27108,大阪市大正区,Osaka-shi Taisho-ku,0
27,大阪府,27109,大阪市天王寺区,Osaka-shi Tennoji-ku,0
27,大阪府,27111,大阪市浪速区,Osaka-shi Naniwa-ku,0
27,大阪府,27113,大阪市西淀川区,Osaka-shi Nishiyodogawa-ku,0
27,大阪府,27114,大阪市東淀川区,Osaka-shi Higashiyodogawa-ku,0
27,大阪府,27115,大阪市東成区,Osaka-shi Higashinari-ku,0
27,大阪府,27116,大阪市生野区,Osaka-shi Ikuno-ku,0
27,大阪府,27117,大阪市旭区,Osaka-shi Asahi-ku,0
27,大阪府,27118,大阪市城東区,Osaka-shi Joto-ku,0
27,大阪府,27119,大阪市阿倍野区,Osaka-shi Abeno-ku,0
27,大阪府,27120,大阪市住吉区,Osaka-shi Sumiyoshi-ku,0
27,大阪府,27121,大阪市東住吉区,Osaka-shi Higashisumiyoshi-ku,0
27,大阪府,27122,大阪市西成区,Osaka-shi Nishinari-ku,0
27,大阪府,27123,大阪市淀川区,Osaka-shi Yodogawa-ku,0
27,大阪府,27124,大阪市鶴見区,Osaka-shi Tsurumi-ku,0
27,大阪府,27125,大阪市住之江区,Osaka-shi Suminoe-ku,0
27,大阪府,27126,大阪市平野区,Osaka-shi Hirano-ku,0
27,大阪府,27127,大阪市北区,Osaka-shi Kita-ku,0
27,大阪府,27128,大阪市中央区,Osaka-shi Chuo-ku,0
27,大阪府,27140,堺市,Sakai-shi,1
27,大阪府,27141,堺市堺区,Sakai-shi Sakai-ku,0
27,大阪府,27142,堺市中区,Sakai-shi Naka-ku,0
27,大阪府,27143,堺市東区,Sakai-shi Higashi-ku,0
27,大阪府,27144,堺市西区,Sakai-shi Nishi-ku,0
27,大阪府,27145,堺市南区,Sakai-shi Minami-ku,0
27,大阪府,27146,堺市北区,Sakai-shi Kita-ku,0
27,大阪府,27147,堺市美原区,Sakai-shi Mihara-ku,0
27,大阪府,27202,岸和田市,Kishiwada-shi,2
27,大阪府,27203,豊中市,Toyonaka-shi,2
27,大阪府,27204,池田市,Ikeda-shi,2
27,大阪府,27205,吹田市,Suita-shi,2
27,大阪府,27206,泉大津市,Izumiotsu-shi,2
27,大阪府,27207,高槻市,Takatsuki-shi,2
27,大阪府,27208,貝塚市,Kaizuka-shi,2
27,大阪府,27209,守口市,Moriguchi-shi,2
27,大阪府,27210,枚方市,Hirakata-shi,2
27,大阪府,27211,茨木市,Ibaraki-shi,2
27,大阪府,27212,八尾市,Yao-shi,2
27,大阪府,27213,泉佐野市,Izumisano-shi,2
27,大阪府,27214,富田林市,Tondabayashi-shi,2
27,大阪府,27215,寝屋川市,Neyagawa-shi,2
27,大阪府,27216,河内長野市,Kawachinagano-shi,2
27,大阪府,27217,松原市,Matsubara-shi,2
27,大阪府,27218,大東市,Daito-shi,2
27,大阪府,27219,和泉市,Izumi-shi,2
27,大阪府,27220,箕面市,Minoh-shi,2
27,大阪府,27221,柏原市,Kashiwara-shi,2
27,大阪府,27222,羽曳野市,Habikino-shi,2
27,大阪府,27223,門真市,Kadoma-shi,2
27,大阪府,27224,摂津市,Settsu-shi,2
27,大阪府,27225,高石市,Takaishi-shi,2
27,大阪府,27226,藤井寺市,Fujiidera-shi,2
27,大阪府,27227,東大阪市,Higashiosaka-shi,2
27,大阪府,27228,泉南市,Sennan-shi,2
27,大阪府,27229,四條畷市,Shijonawate-shi,2
27,大阪府,27230,交野市,Katano-shi,2
27,大阪府,27231,大阪狭山市,Osakasayama-shi,2
27,大阪府,27232,阪南市,Hannan-shi,2
27,大阪府,27301,島本町,Shimamoto-cho,3
27,大阪府,27321,豊能町,Toyono-cho,3
27,大阪府,27322,能勢町,Nose-cho,3
27,大阪府,27341,忠岡町,Tadaoka-cho,3
27,大阪府,27361,熊取町,Kumatori-cho,3
27,大阪府,27362,田尻町,Tajiri-cho,3
27,大阪府,27366,岬町,Misaki-cho,3
27,大阪府,27381,太子町,Taishi-cho,3
27,大阪府,27382,河南町,Kanan-cho,3
27,大阪府,27383,千早赤阪村,Chihayaakasaka-mura,3
28,兵庫県,28000,兵庫県,Hyogo-ken,a
28,兵庫県,28100,神戸市,Kobe-shi,1
28,兵庫県,28101,神戸市東灘区,Kobe-shi Higashinada-ku,0
28,兵庫県,28102,神戸市灘区,Kobe-shi Nada-ku,0
28,兵庫県,28105,神戸市兵庫区,Kobe-shi Hyogo-ku,0
28,兵庫県,28106,神戸市長田区,Kobe-shi Nagata-ku,0
28,兵庫県,28107,神戸市須磨区,Kobe-shi Suma-ku,0
28,兵庫県,28108,神戸市垂水区,Kobe-shi Tarumi-ku,0
28,兵庫県,28109,神戸市北区,Kobe-shi Kita-ku,0
28,兵庫県,28110,神戸市中央区,Kobe-shi Chuo-ku,0
28,兵庫県,28111,神戸市西区,Kobe-shi Nishi-ku,0
28,兵庫県,28201,姫路市,Himeji-shi,2
28,兵庫県,28202,尼崎市,Amagasaki-shi,2
28,兵庫県,28203,明石市,Akashi-shi,2
28,兵庫県,28204,西宮市,Nishinomiya-shi,2
28,兵庫県,28205,洲本市,Sumoto-shi,2
28,兵庫県,28206,芦屋市,Ashiya-shi,2
28,兵庫県,28207,伊丹市,Itami-shi,2
28,兵庫県,28208,相生市,Aioi-shi,2
28,兵庫県,28209,豊岡市,Toyooka-shi,2
28,兵庫県,28210,加古川市,Kakogawa-shi,2
28,兵庫県,28212,赤穂市,Ako-shi,2
28,兵庫県,28213,西脇市,Nishiwaki-shi,2
28,兵庫県,28214,宝塚市,Takarazuka-shi,2
28,兵庫県,28215,三木市,Miki-shi,2
28,兵庫県,28216,高砂市,Takasago-shi,2
28,兵庫県,28217,川西市,Kawanishi-shi,2
28,兵庫県,28218,小野市,Ono-shi,2
28,兵庫県,28219,三田市,Sanda-shi,2
28,兵庫県,28220,加西市,Kasai-shi,2
28,兵庫県,28221,丹波篠山市,Tambasasayama-shi,2
28,兵庫県,28222,養父市,Yabu-shi,2
28,兵庫県,28223,丹波市,Tamba-shi,2
28,兵庫県,28224,南あわじ市,Minamiawaji-shi,2
28,兵庫県,28225,朝来市,Asago-shi,2
28,兵庫県,28226,淡路市,Awaji-shi,2
28,兵庫県,28227,宍粟市,Shiso-shi,2
28,兵庫県,28228,加東市,Kato-shi,2
28,兵庫県,28229,たつの市,Tatsuno-shi,2
28,兵庫県,28301,猪名川町,Inagawa-cho,3
28,兵庫県,28365,多可町,Taka-cho,3
28,兵庫県,28381,稲美町,Inami-cho,3
28,兵庫県,28382,播磨町,Harima-cho,3
28,兵庫県,28442,市川町,Ichikawa-cho,3
28,兵庫県,28443,福崎町,Fukusaki-cho,3
28,兵庫県,28446,神河町,Kamikawa-cho,3
28,兵庫県,28464,太子町,Taishi-cho,3
28,兵庫県,28481,上郡町,Kamigori-cho,3
28,兵庫県,28501,佐用町,Sayo-cho,3
28,兵庫県,28585,香美町,Kami-cho,3
28,兵庫県,28586,新温泉町,Shinonsen-cho,3
29,奈良県,29000,奈良県,Nara-ken,a
29,奈良県,29201,奈良市,Nara-shi,2
29,奈良県,29202,大和高田市,Yamatotakada-shi,2
29,奈良県,29203,大和郡山市,Yamatokoriyama-shi,2
29,奈良県,29204,天理市,Tenri-shi,2
29,奈良県,29205,橿原市,Kashihara-shi,2
29,奈良県,29206,桜井市,Sakurai-shi,2
29,奈良県,29207,五條市,Gojo-shi,2
29,奈良県,29208,御所市,Gose-shi,2
29,奈良県,29209,生駒市,Ikoma-shi,2
29,奈良県,29210,香芝市,Kashiba-shi,2
29,奈良県,29211,葛城市,Katsuragi-shi,2
29,奈良県,29212,宇陀市,Uda-shi,2
29,奈良県,29322,山添村,Yamazoe-mura,3
29,奈良県,29342,平群町,Heguri-cho,3
29,奈良県,29343,三郷町,Sango-cho,3
29,奈良県,29344,斑鳩町,Ikaruga-cho,3
29,奈良県,29345,安堵町,Ando-cho,3
29,奈良県,29361,川西町,Kawanishi-cho,3
29,奈良県,29362,三宅町,Miyake-cho,3
29,奈良県,29363,田原本町,Tawaramoto-cho,3
29,奈良県,29385,曽爾村,Soni-mura,3
29,奈良県,29386,御杖村,Mitsue-mura,3
29,奈良県,29401,高取町,Takatori-cho,3
29,奈良県,29402,明日香村,Asuka-mura,3
29,奈良県,29424,上牧町,Kanmaki-cho,3
29,奈良県,29425,王寺町,Oji-cho,3
29,奈良県,29426,広陵町,Koryo-cho,3
29,奈良県,29427,河合町,Kawai-cho,3
29,奈良県,29441,吉野町,Yoshino-cho,3
29,奈良県,29442,大淀町,Oyodo-cho,3
29,奈良県,29443,下市町,Shimoichi-cho,3
29,奈良県,29444,黒滝村,Kurotaki-mura,3
29,奈良県,29446,天川村,Tenkawa-mura,3
29,奈良県,29447,野迫川村,Nosegawa-mura,3
29,奈良県,29449,十津川村,Totsukawa-mura,3
29,奈良県,29450,下北山村,Shimokitayama-mura,3
29,奈良県,29451,上北山村,Kamikitayama-mura,3
29,奈良県,29452,川上村,Kawakami-mura,3
29,奈良県,29453,東吉野村,Higashiyoshino-mura,3
30,和歌山県,30000,和歌山県,Wakayama-ken,a
30,和歌山県,30201,和歌山市,Wakayama-shi,2
30,和歌山県,30202,海南市,Kainan-shi,2
30,和歌山県,30203,橋本市,Hashimoto-shi,2
30,和歌山県,30204,有田市,Arida-shi,2
30,和歌山県,30205,御坊市,Gobo-shi,2
30,和歌山県,30206,田辺市,Tanabe-shi,2
30,和歌山県,30207,新宮市,Shingu-shi,2
30,和歌山県,30208,紀の川市,Kinokawa-shi,2
30,和歌山県,30209,岩出市,Iwade-shi,2
30,和歌山県,30304,紀美野町,Kimino-cho,3
30,和歌山県,30341,かつらぎ町,Katsuragi-cho,3
30,和歌山県,30343,九度山町,Kudoyama-cho,3
30,和歌山県,30344,高野町,Koya-cho,3
30,和歌山県,30361,湯浅町,Yuasa-cho,3
30,和歌山県,30362,広川町,Hirogawa-cho,3
30,和歌山県,30366,有田川町,Aridagawa-cho,3
30,和歌山県,30381,美浜町,Mihama-cho,3
30,和歌山県,30382,日高町,Hidaka-cho,3
30,和歌山県,30383,由良町,Yura-cho,3
30,和歌山県,30390,印南町,Inami-cho,3
30,和歌山県,30391,みなべ町,Minabe-cho,3
30,和歌山県,30392,日高川町,Hidakagawa-cho,3
30,和歌山県,30401,白浜町,Shirahama-cho,3
30,和歌山県,30404,上富田町,Kamitonda-cho,3
30,和歌山県,30406,すさみ町,Susami-cho,3
30,和歌山県,30421,那智勝浦町,Nachikatsuura-cho,3
30,和歌山県,30422,太地町,Taiji-cho,3
30,和歌山県,30424,古座川町,Kozagawa-cho,3
30,和歌山県,30427,北山村,Kitayama-mura,3
30,和歌山県,30428,串本町,Kushimoto-cho,3
31,鳥取県,31000,鳥取県,Tottori-ken,a
31,鳥取県,31201,鳥取市,Tottori-shi,2
31,鳥取県,31202,米子市,Yonago-shi,2
31,鳥取県,31203,倉吉市,Kurayoshi-shi,2
31,鳥取県,31204,境港市,Sakaiminato-shi,2
31,鳥取県,31302,岩美町,Iwami-cho,3
31,鳥取県,31325,若桜町,Wakasa-cho,3
31,鳥取県,31328,智頭町,Chizu-cho,3
31,鳥取県,31329,八頭町,Yazu-cho,3
31,鳥取県,31364,三朝町,Misasa-cho,3
31,鳥取県,31370,湯梨浜町,Yurihama-cho,3
31,鳥取県,31371,琴浦町,Kotoura-cho,3
31,鳥取県,31372,北栄町,Hokuei-cho,3
31,鳥取県,31384,日吉津村,Hiezu-son,3
31,鳥取県,31386,大山町,Daisen-cho,3
31,鳥取県,31389,南部町,Nanbu-cho,3
31,鳥取県,31390,伯耆町,Hoki-cho,3
31,鳥取県,31401,日南町,Nichinan-cho,3
31,鳥取県,31402,日野町,Hino-cho,3
31,鳥取県,31403,江府町,Kofu-cho,3
32,島根県,32000,島根県,Shimane-ken,a
32,島根県,32201,松江市,Matsue-shi,2
32,島根県,32202,浜田市,Hamada-shi,2
32,島根県,32203,出雲市,Izumo-shi,2
32,島根県,32204,益田市,Masuda-shi,2
32,島根県,32205,大田市,Oda-shi,2
32,島根県,32206,安来市,Yasugi-shi,2
32,島根県,32207,江津市,Gotsu-shi,2
32,島根県,32209,雲南市,Unnan-shi,2
32,島根県,32343,奥出雲町,Okuizumo-cho,3
32,島根県,32386,飯南町,Iinan-cho,3
32,島根県,32441,川本町,Kawamoto-machi,3
32,島根県,32448,美郷町,Misato-cho,3
32,島根県,32449,邑南町,Onan-cho,3
32,島根県,32501,津和野町,Tsuwano-cho,3
32,島根県,32505,吉賀町,Yoshika-cho,3
32,島根県,32525,海士町,Ama-cho,3
32,島根県,32526,西ノ島町,Nishinoshima-cho,3
32,島根県,32527,知夫村,Chibu-mura,3
32,島根県,32528,隠岐の島町,Okinoshima-cho,3
33,岡山県,33000,岡山県,Okayama-ken,a
33,岡山県,33100,岡山市,Okayama-shi,1
33,岡山県,33101,岡山市北区,Okayama-shi Kita-ku,0
33,岡山県,33102,岡山市中区,Okayama-shi Naka-ku,0
33,岡山県,33103,岡山市東区,Okayama-shi Higashi-ku,0
33,岡山県,33104,岡山市南区,Okayama-shi Minami-ku,0
33,岡山県,33202,倉敷市,Kurashiki-shi,2
33,岡山県,33203,津山市,Tsuyama-shi,2
33,岡山県,33204,玉野市,Tamano-shi,2
33,岡山県,33205,笠岡市,Kasaoka-shi,2
33,岡山県,33207,井原市,Ibara-shi,2
33,岡山県,33208,総社市,Soja-shi,2
33,岡山県,33209,高梁市,Takahashi-shi,2
33,岡山県,33210,新見市,Niimi-shi,2
33,岡山県,33211,備前市,Bizen-shi,2
33,岡山県,33212,瀬戸内市,Setouchi-shi,2
33,岡山県,33213,赤磐市,Akaiwa-shi,2
33,岡山県,33214,真庭市,Maniwa-shi,2
33,岡山県,33215,美作市,Mimasaka-shi,2
33,岡山県,33216,浅口市,Asakuchi-shi,2
33,岡山県,33346,和気町,Wake-cho,3
33,岡山県,33423,早島町,Hayashima-cho,3
33,岡山県,33445,里庄町,Satosho-cho,3
33,岡山県,33461,矢掛町,Yakage-cho,3
33,岡山県,33586,新庄村,Shinjo-son,3
33,岡山県,33606,鏡野町,Kagamino-cho,3
33,岡山県,33622,勝央町,Shoo-cho,3
33,岡山県,33623,奈義町,Nagi-cho,3
33,岡山県,33643,西粟倉村,Nishiawakura-son,3
33,岡山県,33663,久米南町,Kumenan-cho,3
33,岡山県,33666,美咲町,Misaki-cho,3
33,岡山県,33681,吉備中央町,Kibichuo-cho,3
34,広島県,34000,広島県,Hiroshima-ken,a
34,広島県,34100,広島市,Hiroshima-shi,1
34,広島県,34101,広島市中区,Hiroshima-shi Naka-ku,0
34,広島県,34102,広島市東区,Hiroshima-shi Higashi-ku,0
34,広島県,34103,広島市南区,Hiroshima-shi Minami-ku,0
34,広島県,34104,広島市西区,Hiroshima-shi Nishi-ku,0
34,広島県,34105,広島市安佐南区,Hiroshima-shi Asaminami-ku,0
34,広島県,34106,広島市安佐北区,Hiroshima-shi Asakita-ku,0
34,広島県,34107,広島市安芸区,Hiroshima-shi Aki-ku,0
34,広島県,34108,広島市佐伯区,Hiroshima-shi Saeki-ku,0
34,広島県,34202,呉市,Kure-shi,2
34,広島県,34203,竹原市,Takehara-shi,2
34,広島県,34204,三原市,Mihara-shi,2
34,広島県,34205,尾道市,Onomichi-shi,2
34,広島県,34207,福山市,Fukuyama-shi,2
34,広島県,34208,府中市,Fuchu-shi,2
34,広島県,34209,三次市,Miyoshi-shi,2
34,広島県,34210,庄原市,Shobara-shi,2
34,広島県,34211,大竹市,Otake-shi,2
34,広島県,34212,東広島市,Higashihiroshima-shi,2
34,広島県,34213,廿日市市,Hatsukaichi-shi,2
34,広島県,34214,安芸高田市,Akitakata-shi,2
34,広島県,34215,江田島市,Etajima-shi,2
34,広島県,34302,府中町,Fuchu-cho,3
34,広島県,34304,海田町,Kaita-cho,3
34,広島県,34307,熊野町,Kumano-cho,3
34,広島県,34309,坂町,Saka-cho,3
34,広島県,34368,安芸太田町,Akiota-cho,3
34,広島県,34369,北広島町,Kitahiroshima-cho,3
34,広島県,34431,大崎上島町,Osakikamijima-cho,3
34,広島県,34462,世羅町,Sera-cho,3
34,広島県,34545,神石高原町,Jinsekikogen-cho,3
35,山口県,35000,山口県,Yamaguchi-ken,a
35,山口県,35201,下関市,Shimonoseki-shi,2
35,山口県,35202,宇部市,Ube-shi,2
35,山口県,35203,山口市,Yamaguchi-shi,2
35,山口県,35204,萩市,Hagi-shi,2
35,山口県,35206,防府市,Hofu-shi,2
35,山口県,35207,下松市,Kudamatsu-shi,2
35,山口県,35208,岩国市,Iwakuni-shi,2
35,山口県,35210,光市,Hikari-shi,2
35,山口県,35211,長門市,Nagato-shi,2
35,山口県,35212,柳井市,Yanai-shi,2
35,山口県,35213,美祢市,Mine-shi,2
35,山口県,35215,周南市,Shunan-shi,2
35,山口県,35216,山陽小野田市,Sanyoonoda-shi,2
35,山口県,35305,周防大島町,Suooshima-cho,3
35,山口県,35321,和木町,Waki-cho,3
35,山口県,35341,上関町,Kaminoseki-cho,3
35,山口県,35343,田布施町,Tabuse-cho,3
35,山口県,35344,平生町,Hirao-cho,3
35,山口県,35502,阿武町,Abu-cho,3
36,徳島県,36000,徳島県,Tokushima-ken,a
36,徳島県,36201,徳島市,Tokushima-shi,2
36,徳島県,36202,鳴門市,Naruto-shi,2
36,徳島県,36203,小松島市,Komatsushima-shi,2
36,徳島県,36204,阿南市,Anan-shi,2
36,徳島県,36205,吉野川市,Yoshinogawa-shi,2
36,徳島県,36206,阿波市,Awa-shi,2
36,徳島県,36207,美馬市,Mima-shi,2
36,徳島県,36208,三好市,Miyoshi-shi,2
36,徳島県,36301,勝浦町,Katsuura-cho,3
36,徳島県,36302,上勝町,Kamikatsu-cho,3
36,徳島県,36321,佐那河内村,Sanagouchi-son,3
36,徳島県,36341,石井町,Ishii-cho,3
36,徳島県,36342,神山町,Kamiyama-cho,3
36,徳島県,36368,那賀町,Naka-cho,3
36,徳島県,36383,牟岐町,Mugi-cho,3
36,徳島県,36387,美波町,Minami-cho,3
36,徳島県,36388,海陽町,Kaiyo-cho,3
36,徳島県,36401,松茂町,Matsushige-cho,3
36,徳島県,36402,北島町,Kitajima-cho,3
36,徳島県,36403,藍住町,Aizumi-cho,3
36,徳島県,36404,板野町,Itano-cho,3
36,徳島県,36405,上板町,Kamiita-cho,3
36,徳島県,36468,つるぎ町,Tsurugi-cho,3
36,徳島県,36489,東みよし町,Higashimiyoshi-cho,3
37,香川県,37000,香川県,Kagawa-ken,a
37,香川県,37201,高松市,Takamatsu-shi,2
37,香川県,37202,丸亀市,Marugame-shi,2
37,香川県,37203,坂出市,Sakaide-shi,2
37,香川県,37204,善通寺市,Zentsuji-shi,2
37,香川県,37205,観音寺市,Kanonji-shi,2
37,香川県,37206,さぬき市,Sanuki-shi,2
37,香川県,37207,東かがわ市,Higashikagawa-shi,2
37,香川県,37208,三豊市,Mitoyo-shi,2
37,香川県,37322,土庄町,Tonosho-cho,3
37,香川県,37324,小豆島町,Shodoshima-cho,3
37,香川県,37341,三木町,Miki-cho,3
37,香川県,37364,直島町,Naoshima-cho,3
37,香川県,37386,宇多津町,Utazu-cho,3
37,香川県,37387,綾川町,Ayagawa-cho,3
37,香川県,37403,琴平町,Kotohira-cho,3
37,香川県,37404,多度津町,Tadotsu-cho,3
37,香川県,37406,まんのう町,Manno-cho,3
38,愛媛県,38000,愛媛県,Ehime-ken,a
38,愛媛県,38201,松山市,Matsuyama-shi,2
38,愛媛県,38202,今治市,Imabari-shi,2
38,愛媛県,38203,宇和島市,Uwajima-shi,2
38,愛媛県,38204,八幡浜市,Yawatahama-shi,2
38,愛媛県,38205,新居浜市,Niihama-shi,2
38,愛媛県,38206,西条市,Saijo-shi,2
38,愛媛県,38207,大洲市,Ozu-shi,2
38,愛媛県,38210,伊予市,Iyo-shi,2
38,愛媛県,38213,四国中央市,Shikokuchuo-shi,2
38,愛媛県,38214,西予市,Seiyo-shi,2
38,愛媛県,38215,東温市,Toon-shi,2
38,愛媛県,38356,上島町,Kamijima-cho,3
38,愛媛県,38386,久万高原町,Kumakogen-cho,3
38,愛媛県,38401,松前町,Masaki-cho,3
38,愛媛県,38402,砥部町,Tobe-cho,3
38,愛媛県,38422,内子町,Uchiko-cho,3
38,愛媛県,38442,伊方町,Ikata-cho,3
38,愛媛県,38484,松野町,Matsuno-cho,3
38,愛媛県,38488,鬼北町,Kihoku-cho,3
38,愛媛県,38506,愛南町,Ainan-cho,3
39,高知県,39000,高知県,Kochi-ken,a
39,高知県,39201,高知市,Kochi-shi,2
39,高知県,39202,室戸市,Muroto-shi,2
39,高知県,39203,安芸市,Aki-shi,2
39,高知県,39204,南国市,Nankoku-shi,2
39,高知県,39205,土佐市,Tosa-shi,2
39,高知県,39206,須崎市,Susaki-shi,2
39,高知県,39208,宿毛市,Sukumo-shi,2
39,高知県,39209,土佐清水市,Tosashimizu-shi,2
39,高知県,39210,四万十市,Shimanto-shi,2
39,高知県,39211,香南市,Konan-shi,2
39,高知県,39212,香美市,Kami-shi,2
39,高知県,39301,東洋町,Toyo-cho,3
39,高知県,39302,奈半利町,Nahari-cho,3
39,高知県,39303,田野町,Tano-cho,3
39,高知県,39304,安田町,Yasuda-cho,3
39,高知県,39305,北川村,Kitagawa-mura,3
39,高知県,39306,馬路村,Umaji-mura,3
39,高知県,39307,芸西村,Geisei-mura,3
39,高知県,39341,本山町,Motoyama-cho,3
39,高知県,39344,大豊町,Otoyo-cho,3
39,高知県,39363,土佐町,Tosa-cho,3
39,高知県,39364,大川村,Okawa-mura,3
39,高知県,39386,いの町,Ino-cho,3
39,高知県,39387,仁淀川町,Niyodogawa-cho,3
39,高知県,39401,中土佐町,Nakatosa-cho,3
39,高知県,39402,佐川町,Sakawa-cho,3
39,高知県,39403,越知町,Ochi-cho,3
39,高知県,39405,檮原町,Yusuhara-cho,3
39,高知県,39410,日高村,Hidaka-mura,3
39,高知県,39411,津野町,Tsuno-cho,3
39,高知県,39412,四万十町,Shimanto-cho,3
39,高知県,39424,大月町,Otsuki-cho,3
39,高知県,39427,三原村,Mihara-mura,3
39,高知県,39428,黒潮町,Kuroshio-cho,3
40,福岡県,40000,福岡県,Fukuoka-ken,a
40,福岡県,40100,北九州市,Kitakyushu-shi,1
40,福岡県,40101,北九州市門司区,Kitakyushu-shi Moji-ku,0
40,福岡県,40103,北九州市若松区,Kitakyushu-shi Wakamatsu-ku,0
40,福岡県,40105,北九州市戸畑区,Kitakyushu-shi Tobata-ku,0
40,福岡県,40106,北九州市小倉北区,Kitakyushu-shi Kokurakita-ku,0
40,福岡県,40107,北九州市小倉南区,Kitakyushu-shi Kokuraminami-ku,0
40,福岡県,40108,北九州市八幡東区,Kitakyushu-shi Yahatahigashi-ku,0
40,福岡県,40109,北九州市八幡西区,Kitakyushu-shi Yahatanishi-ku,0
40,福岡県,40130,福岡市,Fukuoka-shi,1
40,福岡県,40131,福岡市東区,Fukuoka-shi Higashi-ku,0
40,福岡県,40132,福岡市博多区,Fukuoka-shi Hakata-ku,0
40,福岡県,40133,福岡市中央区,Fukuoka-shi Chuo-ku,0
40,福岡県,40134,福岡市南区,Fukuoka-shi Minami-ku,0
40,福岡県,40135,福岡市西区,Fukuoka-shi Nishi-ku,0
40,福岡県,40136,福岡市城南区,Fukuoka-shi Jonan-ku,0
40,福岡県,40137,福岡市早良区,Fukuoka-shi Sawara-ku,0
40,福岡県,40202,大牟田市,Omuta-shi,2
40,福岡県,40203,久留米市,Kurume-shi,2
40,福岡県,40204,直方市,Nogata-shi,2
40,福岡県,40205,飯塚市,Iizuka-shi,2
40,福岡県,40206,田川市,Tagawa-shi,2
40,福岡県,40207,柳川市,Yanagawa-shi,2
40,福岡県,40210,八女市,Yame-shi,2
40,福岡県,40211,筑後市,Chikugo-shi,2
40,福岡県,40212,大川市,Okawa-shi,2
40,福岡県,40213,行橋市,Yukuhashi-shi,2
40,福岡県,40214,豊前市,Buzen-shi,2
40,福岡県,40215,中間市,Nakama-shi,2
40,福岡県,40216,小郡市,Ogori-shi,2
40,福岡県,40217,筑紫野市,Chikushino-shi,2
40,福岡県,40218,春日市,Kasuga-shi,2
40,福岡県,40219,大野城市,Onojo-shi,2
40,福岡県,40220,宗像市,Munakata-shi,2
40,福岡県,40221,太宰府市,Dazaifu-shi,2
40,福岡県,40223,古賀市,Koga-shi,2
40,福岡県,40224,福津市,Fukutsu-shi,2
40,福岡県,40225,うきは市,Ukiha-shi,2
40,福岡県,40226,宮若市,Miyawaka-shi,2
40,福岡県,40227,嘉麻市,Kama-shi,2
40,福岡県,40228,朝倉市,Asakura-shi,2
40,福岡県,40229,みやま市,Miyama-shi,2
40,福岡県,40230,糸島市,Itoshima-shi,2
40,福岡県,40231,那珂川市,Nakagawa-shi,2
40,福岡県,40341,宇美町,Umi-machi,3
40,福岡県,40342,篠栗町,Sasaguri-machi,3
40,福岡県,40343,志免町,Shime-machi,3
40,福岡県,40344,須恵町,Sue-machi,3
40,福岡県,40345,新宮町,Shingu-machi,3
40,福岡県,40348,久山町,Hisayama-machi,3
40,福岡県,40349,粕屋町,Kasuya-machi,3
40,福岡県,40381,芦屋町,Ashiya-machi,3
40,福岡県,40382,水巻町,Mizumaki-machi,3
40,福岡県,40383,岡垣町,Okagaki-machi,3
40,福岡県,40384,遠賀町,Onga-cho,3
40,福岡県,40401,小竹町,Kotake-machi,3
40,福岡県,40402,鞍手町,Kurate-machi,3
40,福岡県,40421,桂川町,Keisen-machi,3
40,福岡県,40447,筑前町,Chikuzen-machi,3
40,福岡県,40448,東峰村,Toho-mura,3
40,福岡県,40503,大刀洗町,Tachiarai-machi,3
40,福岡県,40522,大木町,Oki-machi,3
40,福岡県,40544,広川町,Hirokawa-machi,3
40,福岡県,40601,香春町,Kawara-machi,3
40,福岡県,40602,添田町,Soeda-machi,3
40,福岡県,40604,糸田町,Itoda-machi,3
40,福岡県,40605,川崎町,Kawasaki-machi,3
40,福岡県,40608,大任町,Oto-machi,3
40,福岡県,40609,赤村,Aka-mura,3
40,福岡県,40610,福智町,Fukuchi-machi,3
40,福岡県,40621,苅田町,Kanda-machi,3
40,福岡県,40625,みやこ町,Miyako-machi,3
40,福岡県,40642,吉富町,Yoshitomi-machi,3
40,福岡県,40646,上毛町,Koge-machi,3
40,福岡県,40647,築上町,Chikujo-machi,3
41,佐賀県,41000,佐賀県,Saga-ken,a
41,佐賀県,41201,佐賀市,Saga-shi,2
41,佐賀県,41202,唐津市,Karatsu-shi,2
41,佐賀県,41203,鳥栖市,Tosu-shi,2
41,佐賀県,41204,多久市,Taku-shi,2
41,佐賀県,41205,伊万里市,Imari-shi,2
41,佐賀県,41206,武雄市,Takeo-shi,2
41,佐賀県,41207,鹿島市,Kashima-shi,2
41,佐賀県,41208,小城市,Ogi-shi,2
41,佐賀県,41209,嬉野市,Ureshino-shi,2
41,佐賀県,41210,神埼市,Kanzaki-shi,2
41,佐賀県,41327,吉野ヶ里町,Yoshinogari-cho,3
41,佐賀県,41341,基山町,Kiyama-cho,3
41,佐賀県,41345,上峰町,Kamimine-cho,3
41,佐賀県,41346,みやき町,Miyaki-cho,3
41,佐賀県,41387,玄海町,Genkai-cho,3
41,佐賀県,41401,有田町,Arita-cho,3
41,佐賀県,41423,大町町,Omachi-cho,3
41,佐賀県,41424,江北町,Kohoku-machi,3
41,佐賀県,41425,白石町,Shiroishi-cho,3
41,佐賀県,41441,太良町,Tara-cho,3
42,長崎県,42000,長崎県,Nagasaki-ken,a
42,長崎県,42201,長崎市,Nagasaki-shi,2
42,長崎県,42202,佐世保市,Sasebo-shi,2
42,長崎県,42203,島原市,Shimabara-shi,2
42,長崎県,42204,諫早市,Isahaya-shi,2
42,長崎県,42205,大村市,Omura-shi,2
42,長崎県,42207,平戸市,Hirado-shi,2
42,長崎県,42208,松浦市,Matsuura-shi,2
42,長崎県,42209,対馬市,Tsushima-shi,2
42,長崎県,42210,壱岐市,Iki-shi,2
42,長崎県,42211,五島市,Goto-shi,2
42,長崎県,42212,西海市,Saikai-shi,2
42,長崎県,42213,雲仙市,Unzen-shi,2
42,長崎県,42214,南島原市,Minamishimabara-shi,2
42,長崎県,42307,長与町,Nagayo-cho,3
42,長崎県,42308,時津町,Togitsu-cho,3
42,長崎県,42321,東彼杵町,Higashisonogi-cho,3
42,長崎県,42322,川棚町,Kawatana-cho,3
42,長崎県,42323,波佐見町,Hasami-cho,3
42,長崎県,42383,小値賀町,Ojika-cho,3
42,長崎県,42391,佐々町,Saza-cho,3
42,長崎県,42411,新上五島町,Shinkamigoto-cho,3
43,熊本県,43000,熊本県,Kumamoto-ken,a
43,熊本県,43100,熊本市,Kumamoto-shi,1
43,熊本県,43101,熊本市中央区,Kumamoto-shi Chuo-ku,0
43,熊本県,43102,熊本市東区,Kumamoto-shi Higashi-ku,0
43,熊本県,43103,熊本市西区,Kumamoto-shi Nishi-ku,0
43,熊本県,43104,熊本市南区,Kumamoto-shi Minami-ku,0
43,熊本県,43105,熊本市北区,Kumamoto-shi Kita-ku,0
43,熊本県,43202,八代市,Yatsushiro-shi,2
43,熊本県,43203,人吉市,Hitoyoshi-shi,2
43,熊本県,43204,荒尾市,Arao-shi,2
43,熊本県,43205,水俣市,Minamata-shi,2
43,熊本県,43206,玉名市,Tamana-shi,2
43,熊本県,43208,山鹿市,Yamaga-shi,2
43,熊本県,43210,菊池市,Kikuchi-shi,2
43,熊本県,43211,宇土市,Uto-shi,2
43,熊本県,43212,上天草市,Kamiamakusa-shi,2
43,熊本県,43213,宇城市,Uki-shi,2
43,熊本県,43214,阿蘇市,Aso-shi,2
43,熊本県,43215,天草市,Amakusa-shi,2
43,熊本県,43216,合志市,Koshi-shi,2
43,熊本県,43348,美里町,Misato-machi,3
43,熊本県,43364,玉東町,Gyokuto-machi,3
43,熊本県,43367,南関町,Nankan-machi,3
43,熊本県,43368,長洲町,Nagasu-machi,3
43,熊本県,43369,和水町,Nagomi-machi,3
43,熊本県,43403,大津町,Ozu-machi,3
43,熊本県,43404,菊陽町,Kikuyo-machi,3
43,熊本県,43423,南小国町,Minamioguni-machi,3
43,熊本県,43424,小国町,Oguni-machi,3
43,熊本県,43425,産山村,Ubuyama-mura,3
43,熊本県,43428,高森町,Takamori-machi,3
43,熊本県,43432,西原村,Nishihara-mura,3
43,熊本県,43433,南阿蘇村,Minamiaso-mura,3
43,熊本県,43441,御船町,Mifune-machi,3
43,熊本県,43442,嘉島町,Kashima-machi,3
43,熊本県,43443,益城町,Mashiki-machi,3
43,熊本県,43444,甲佐町,Kosa-machi,3
43,熊本県,43447,山都町,Yamato-cho,3
43,熊本県,43468,氷川町,Hikawa-cho,3
43,熊本県,43482,芦北町,Ashikita-machi,3
43,熊本県,43484,津奈木町,Tsunagi-machi,3
43,熊本県,43501,錦町,Nishiki-machi,3
43,熊本県,43505,多良木町,Taragi-machi,3
43,熊本県,43506,湯前町,Yunomae-machi,3
43,熊本県,43507,水上村,Mizukami-mura,3
43,熊本県,43510,相良村,Sagara-mura,3
43,熊本県,43511,五木村,Itsuki-mura,3
43,熊本県,43512,山江村,Yamae-mura,3
43,熊本県,43513,球磨村,Kuma-mura,3
43,熊本県,43514,あさぎり町,Asagiri-cho,3
43,熊本県,43531,苓北町,Reihoku-machi,3
44,大分県,44000,大分県,Oita-ken,a
44,大分県,44201,大分市,Oita-shi,2
44,大分県,44202,別府市,Beppu-shi,2
44,大分県,44203,中津市,Nakatsu-shi,2
44,大分県,44204,日田市,Hita-shi,2
44,大分県,44205,佐伯市,Saiki-shi,2
44,大分県,44206,臼杵市,Usuki-shi,2
44,大分県,44207,津久見市,Tsukumi-shi,2
44,大分県,44208,竹田市,Taketa-shi,2
44,大分県,44209,豊後高田市,Bungotakada-shi,2
44,大分県,44210,杵築市,Kitsuki-shi,2
44,大分県,44211,宇佐市,Usa-shi,2
44,大分県,44212,豊後大野市,Bungoono-shi,2
44,大分県,44213,由布市,Yufu-shi,2
44,大分県,44214,国東市,Kunisaki-shi,2
44,大分県,44322,姫島村,Himeshima-mura,3
44,大分県,44341,日出町,Hiji-machi,3
44,大分県,44461,九重町,Kokonoe-machi,3
44,大分県,44462,玖珠町,Kusu-machi,3
45,宮崎県,45000,宮崎県,Miyazaki-ken,a
45,宮崎県,45201,宮崎市,Miyazaki-shi,2
45,宮崎県,45202,都城市,Miyakonojo-shi,2
45,宮崎県,45203,延岡市,Nobeoka-shi,2
45,宮崎県,45204,日南市,Nichinan-shi,2
45,宮崎県,45205,小林市,Kobayashi-shi,2
45,宮崎県,45206,日向市,Hyuga-shi,2
45,宮崎県,45207,串間市,Kushima-shi,2
45,宮崎県,45208,西都市,Saito-shi,2
45,宮崎県,45209,えびの市,Ebino-shi,2
45,宮崎県,45341,三股町,Mimata-cho,3
45,宮崎県,45361,高原町,Takaharu-cho,3
45,宮崎県,45382,国富町,Kunitomi-cho,3
45,宮崎県,45383,綾町,Aya-cho,3
45,宮崎県,45401,高鍋町,Takanabe-cho,3
45,宮崎県,45402,新富町,Shintomi-cho,3
45,宮崎県,45403,西米良村,Nishimera-son,3
45,宮崎県,45404,木城町,Kijo-cho,3
45,宮崎県,45405,川南町,Kawaminami-cho,3
45,宮崎県,45406,都農町,Tsuno-cho,3
45,宮崎県,45421,門川町,Kadogawa-cho,3
45,宮崎県,45429,諸塚村,Morotsuka-son,3
45,宮崎県,45430,椎葉村,Shiiba-son,3
45,宮崎県,45431,美郷町,Misato-cho,3
45,宮崎県,45441,高千穂町,Takachiho-cho,3
45,宮崎県,45442,日之影町,Hinokage-cho,3
45,宮崎県,45443,五ヶ瀬町,Gokase-cho,3
46,鹿児島県,46000,鹿児島県,Kagoshima-ken,a
46,鹿児島県,46201,鹿児島市,Kagoshima-shi,2
46,鹿児島県,46203,鹿屋市,Kanoya-shi,2
46,鹿児島県,46204,枕崎市,Makurazaki-shi,2
46,鹿児島県,46206,阿久根市,Akune-shi,2
46,鹿児島県,46208,出水市,Izumi-shi,2
46,鹿児島県,46210,指宿市,Ibusuki-shi,2
46,鹿児島県,46213,西之表市,Nishinoomote-shi,2
46,鹿児島県,46214,垂水市,Tarumizu-shi,2
46,鹿児島県,46215,薩摩川内市,Satsumasendai-shi,2
46,鹿児島県,46216,日置市,Hioki-shi,2
46,鹿児島県,46217,曽於市,Soo-shi,2
46,鹿児島県,46218,霧島市,Kirishima-shi,2
46,鹿児島県,46219,いちき串木野市,Ichikikushikino-shi,2
46,鹿児島県,46220,南さつま市,Minamisatsuma-shi,2
46,鹿児島県,46221,志布志市,Shibushi-shi,2
46,鹿児島県,46222,奄美市,Amami-shi,2
46,鹿児島県,46223,南九州市,Minamikyushu-shi,2
46,鹿児島県,46224,伊佐市,Isa-shi,2
46,鹿児島県,46225,姶良市,Aira-shi,2
46,鹿児島県,46303,三島村,Mishima-mura,3
46,鹿児島県,46304,十島村,Toshima-mura,3
46,鹿児島県,46392,さつま町,Satsuma-cho,3
46,鹿児島県,46404,長島町,Nagashima-cho,3
46,鹿児島県,46452,湧水町,Yusui-cho,3
46,鹿児島県,46468,大崎町,Osaki-cho,3
46,鹿児島県,46482,東串良町,Higashikushira-cho,3
46,鹿児島県,46490,錦江町,Kinko-cho,3
46,鹿児島県,46491,南大隅町,Minamiosumi-cho,3
46,鹿児島県,46492,肝付町,Kimotsuki-cho,3
46,鹿児島県,46501,中種子町,Nakatane-cho,3
46,鹿児島県,46502,南種子町,Minamitane-cho,3
46,鹿児島県,46505,屋久島町,Yakushima-cho,3
46,鹿児島県,46523,大和村,Yamato-son,3
46,鹿児島県,46524,宇検村,Uken-son,3
46,鹿児島県,46525,瀬戸内町,Setouchi-cho,3
46,鹿児島県,46527,龍郷町,Tatsugo-cho,3
46,鹿児島県,46529,喜界町,Kikai-cho,3
46,鹿児島県,46530,徳之島町,Tokunoshima-cho,3
46,鹿児島県,46531,天城町,Amagi-cho,3
46,鹿児島県,46532,伊仙町,Isen-cho,3
46,鹿児島県,46533,和泊町,Wadomari-cho,3
46,鹿児島県,46534,知名町,China-cho,3
46,鹿児島県,46535,与論町,Yoron-cho,3
47,沖縄県,47000,沖縄県,Okinawa-ken,a
47,沖縄県,47201,那覇市,Naha-shi,2
47,沖縄県,47205,宜野湾市,Ginowan-shi,2
47,沖縄県,47207,石垣市,Ishigaki-shi,2
47,沖縄県,47208,浦添市,Urasoe-shi,2
47,沖縄県,47209,名護市,Nago-shi,2
47,沖縄県,47210,糸満市,Itoman-shi,2
47,沖縄県,47211,沖縄市,Okinawa-shi,2
47,沖縄県,47212,豊見城市,Tomigusuku-shi,2
47,沖縄県,47213,うるま市,Uruma-shi,2
47,沖縄県,47214,宮古島市,Miyakojima-shi,2
47,沖縄県,47215,南城市,Nanjo-shi,2
47,沖縄県,47301,国頭村,Kunigami-son,3
47,沖縄県,47302,大宜味村,Ogimi-son,3
47,沖縄県,47303,東村,Higashi-son,3
47,沖縄県,47306,今帰仁村,Nakijin-son,3
47,沖縄県,47308,本部町,Motobu-cho,3
47,沖縄県,47311,恩納村,Onna-son,3
47,沖縄県,47313,宜野座村,Ginoza-son,3
47,沖縄県,47314,金武町,Kin-cho,3
47,沖縄県,47315,伊江村,Ie-son,3
47,沖縄県,47324,読谷村,Yomitan-son,3
47,沖縄県,47325,嘉手納町,Kadena-cho,3
47,沖縄県,47326,北谷町,Chatan-cho,3
47,沖縄県,47327,北中城村,Kitanakagusuku-son,3
47,沖縄県,47328,中城村,Nakagusuku-son,3
47,沖縄県,47329,西原町,Nishihara-cho,3
47,沖縄県,47348,与那原町,Yonabaru-cho,3
47,沖縄県,47350,南風原町,Haebaru-cho,3
47,沖縄県,47353,渡嘉敷村,Tokashiki-son,3
47,沖縄県,47354,座間味村,Zamami-son,3
47,沖縄県,47355,粟国村,Aguni-son,3
47,沖縄県,47356,渡名喜村,Tonaki-son,3
47,沖縄県,47357,南大東村,Minamidaito-son,3
47,沖縄県,47358,北大東村,Kitadaito-son,3
47,沖縄県,47359,伊平屋村,Iheya-son,3
47,沖縄県,47360,伊是名村,Izena-son,3
47,沖縄県,47361,久米島町,Kumejima-cho,3
47,沖縄県,47362,八重瀬町,Yaese-cho,3
47,沖縄県,47375,多良間村,Tarama-son,3
47,沖縄県,47381,竹富町,Taketomi-cho,3
47,沖縄県,47382,与那国町,Yonaguni-cho,3
